,survived,age,sibsp,parch,fare,male,Q,S,2.0,3.0
0,1.0,29.0,0.0,0.0,211.3375,0.0,0.0,1.0,0.0,0.0
1,1.0,0.9167,1.0,2.0,151.55,1.0,0.0,1.0,0.0,0.0
2,0.0,2.0,1.0,2.0,151.55,0.0,0.0,1.0,0.0,0.0
3,0.0,30.0,1.0,2.0,151.55,1.0,0.0,1.0,0.0,0.0
4,0.0,25.0,1.0,2.0,151.55,0.0,0.0,1.0,0.0,0.0
5,1.0,48.0,0.0,0.0,26.55,1.0,0.0,1.0,0.0,0.0
6,1.0,63.0,1.0,0.0,77.9583,0.0,0.0,1.0,0.0,0.0
7,0.0,39.0,0.0,0.0,0.0,1.0,0.0,1.0,0.0,0.0
8,1.0,53.0,2.0,0.0,51.4792,0.0,0.0,1.0,0.0,0.0
9,0.0,71.0,0.0,0.0,49.5042,1.0,0.0,0.0,0.0,0.0
10,0.0,47.0,1.0,0.0,227.525,1.0,0.0,0.0,0.0,0.0
11,1.0,18.0,1.0,0.0,227.525,0.0,0.0,0.0,0.0,0.0
12,1.0,24.0,0.0,0.0,69.3,0.0,0.0,0.0,0.0,0.0
13,1.0,26.0,0.0,0.0,78.85,0.0,0.0,1.0,0.0,0.0
14,1.0,80.0,0.0,0.0,30.0,1.0,0.0,1.0,0.0,0.0
15,0.0,28.0,0.0,0.0,25.925,1.0,0.0,1.0,0.0,0.0
16,0.0,24.0,0.0,1.0,247.5208,1.0,0.0,0.0,0.0,0.0
17,1.0,50.0,0.0,1.0,247.5208,0.0,0.0,0.0,0.0,0.0
18,1.0,32.0,0.0,0.0,76.2917,0.0,0.0,0.0,0.0,0.0
19,0.0,36.0,0.0,0.0,75.2417,1.0,0.0,0.0,0.0,0.0
20,1.0,37.0,1.0,1.0,52.5542,1.0,0.0,1.0,0.0,0.0
21,1.0,47.0,1.0,1.0,52.5542,0.0,0.0,1.0,0.0,0.0
22,1.0,26.0,0.0,0.0,30.0,1.0,0.0,0.0,0.0,0.0
23,1.0,42.0,0.0,0.0,227.525,0.0,0.0,0.0,0.0,0.0
24,1.0,29.0,0.0,0.0,221.7792,0.0,0.0,1.0,0.0,0.0
25,0.0,25.0,0.0,0.0,26.0,1.0,0.0,0.0,0.0,0.0
26,1.0,25.0,1.0,0.0,91.0792,1.0,0.0,0.0,0.0,0.0
27,1.0,19.0,1.0,0.0,91.0792,0.0,0.0,0.0,0.0,0.0
28,1.0,35.0,0.0,0.0,135.6333,0.0,0.0,1.0,0.0,0.0
29,1.0,28.0,0.0,0.0,26.55,1.0,0.0,1.0,0.0,0.0
30,0.0,45.0,0.0,0.0,35.5,1.0,0.0,1.0,0.0,0.0
31,1.0,40.0,0.0,0.0,31.0,1.0,0.0,0.0,0.0,0.0
32,1.0,30.0,0.0,0.0,164.8667,0.0,0.0,1.0,0.0,0.0
33,1.0,58.0,0.0,0.0,26.55,0.0,0.0,1.0,0.0,0.0
34,0.0,42.0,0.0,0.0,26.55,1.0,0.0,1.0,0.0,0.0
35,1.0,45.0,0.0,0.0,262.375,0.0,0.0,0.0,0.0,0.0
36,1.0,22.0,0.0,1.0,55.0,0.0,0.0,1.0,0.0,0.0
37,1.0,28.0,0.0,0.0,26.55,1.0,0.0,1.0,0.0,0.0
38,0.0,41.0,0.0,0.0,30.5,1.0,0.0,1.0,0.0,0.0
39,0.0,48.0,0.0,0.0,50.4958,1.0,0.0,0.0,0.0,0.0
40,0.0,28.0,0.0,0.0,39.6,1.0,0.0,0.0,0.0,0.0
41,1.0,44.0,0.0,0.0,27.7208,0.0,0.0,0.0,0.0,0.0
42,1.0,59.0,2.0,0.0,51.4792,0.0,0.0,1.0,0.0,0.0
43,1.0,60.0,0.0,0.0,76.2917,0.0,0.0,0.0,0.0,0.0
44,1.0,41.0,0.0,0.0,134.5,0.0,0.0,0.0,0.0,0.0
45,0.0,45.0,0.0,0.0,26.55,1.0,0.0,1.0,0.0,0.0
46,0.0,28.0,0.0,0.0,31.0,1.0,0.0,1.0,0.0,0.0
47,1.0,42.0,0.0,0.0,26.2875,1.0,0.0,1.0,0.0,0.0
48,1.0,53.0,0.0,0.0,27.4458,0.0,0.0,0.0,0.0,0.0
49,1.0,36.0,0.0,1.0,512.3292,1.0,0.0,0.0,0.0,0.0
50,1.0,58.0,0.0,1.0,512.3292,0.0,0.0,0.0,0.0,0.0
51,0.0,33.0,0.0,0.0,5.0,1.0,0.0,1.0,0.0,0.0
52,0.0,28.0,0.0,0.0,47.1,1.0,0.0,1.0,0.0,0.0
53,0.0,17.0,0.0,0.0,47.1,1.0,0.0,1.0,0.0,0.0
54,1.0,11.0,1.0,2.0,120.0,1.0,0.0,1.0,0.0,0.0
55,1.0,14.0,1.0,2.0,120.0,0.0,0.0,1.0,0.0,0.0
56,1.0,36.0,1.0,2.0,120.0,1.0,0.0,1.0,0.0,0.0
57,1.0,36.0,1.0,2.0,120.0,0.0,0.0,1.0,0.0,0.0
58,0.0,49.0,0.0,0.0,26.0,1.0,0.0,1.0,0.0,0.0
59,1.0,28.0,0.0,0.0,27.7208,0.0,0.0,0.0,0.0,0.0
60,0.0,36.0,1.0,0.0,78.85,1.0,0.0,1.0,0.0,0.0
61,1.0,76.0,1.0,0.0,78.85,0.0,0.0,1.0,0.0,0.0
62,0.0,46.0,1.0,0.0,61.175,1.0,0.0,1.0,0.0,0.0
63,1.0,47.0,1.0,0.0,61.175,0.0,0.0,1.0,0.0,0.0
64,1.0,27.0,1.0,0.0,53.1,1.0,0.0,1.0,0.0,0.0
65,1.0,33.0,1.0,0.0,53.1,0.0,0.0,1.0,0.0,0.0
66,1.0,36.0,0.0,0.0,262.375,0.0,0.0,0.0,0.0,0.0
67,1.0,30.0,0.0,0.0,86.5,0.0,0.0,1.0,0.0,0.0
68,1.0,45.0,0.0,0.0,29.7,1.0,0.0,0.0,0.0,0.0
69,1.0,28.0,0.0,1.0,55.0,0.0,0.0,1.0,0.0,0.0
70,0.0,28.0,0.0,0.0,0.0,1.0,0.0,1.0,0.0,0.0
71,0.0,27.0,1.0,0.0,136.7792,1.0,0.0,0.0,0.0,0.0
72,1.0,26.0,1.0,0.0,136.7792,0.0,0.0,0.0,0.0,0.0
73,1.0,22.0,0.0,0.0,151.55,0.0,0.0,1.0,0.0,0.0
74,0.0,28.0,0.0,0.0,52.0,1.0,0.0,1.0,0.0,0.0
75,0.0,47.0,0.0,0.0,25.5875,1.0,0.0,1.0,0.0,0.0
76,1.0,39.0,1.0,1.0,83.1583,0.0,0.0,0.0,0.0,0.0
77,0.0,37.0,1.0,1.0,83.1583,1.0,0.0,0.0,0.0,0.0
78,1.0,64.0,0.0,2.0,83.1583,0.0,0.0,0.0,0.0,0.0
79,1.0,55.0,2.0,0.0,25.7,0.0,0.0,1.0,0.0,0.0
80,0.0,28.0,0.0,0.0,26.55,1.0,0.0,1.0,0.0,0.0
81,0.0,70.0,1.0,1.0,71.0,1.0,0.0,1.0,0.0,0.0
82,1.0,36.0,0.0,2.0,71.0,0.0,0.0,1.0,0.0,0.0
83,1.0,64.0,1.0,1.0,26.55,0.0,0.0,1.0,0.0,0.0
84,0.0,39.0,1.0,0.0,71.2833,1.0,0.0,0.0,0.0,0.0
85,1.0,38.0,1.0,0.0,71.2833,0.0,0.0,0.0,0.0,0.0
86,1.0,51.0,0.0,0.0,26.55,1.0,0.0,1.0,0.0,0.0
87,1.0,27.0,0.0,0.0,30.5,1.0,0.0,1.0,0.0,0.0
88,1.0,33.0,0.0,0.0,151.55,0.0,0.0,1.0,0.0,0.0
89,0.0,31.0,1.0,0.0,52.0,1.0,0.0,1.0,0.0,0.0
90,1.0,27.0,1.0,2.0,52.0,0.0,0.0,1.0,0.0,0.0
91,1.0,31.0,1.0,0.0,57.0,1.0,0.0,1.0,0.0,0.0
92,1.0,17.0,1.0,0.0,57.0,0.0,0.0,1.0,0.0,0.0
93,1.0,53.0,1.0,1.0,81.8583,1.0,0.0,1.0,0.0,0.0
94,1.0,4.0,0.0,2.0,81.8583,1.0,0.0,1.0,0.0,0.0
95,1.0,54.0,1.0,1.0,81.8583,0.0,0.0,1.0,0.0,0.0
96,0.0,50.0,1.0,0.0,106.425,1.0,0.0,0.0,0.0,0.0
97,1.0,27.0,1.0,1.0,247.5208,0.0,0.0,0.0,0.0,0.0
98,1.0,48.0,1.0,0.0,106.425,0.0,0.0,0.0,0.0,0.0
99,1.0,48.0,1.0,0.0,39.6,0.0,0.0,0.0,0.0,0.0
100,1.0,49.0,1.0,0.0,56.9292,1.0,0.0,0.0,0.0,0.0
101,0.0,39.0,0.0,0.0,29.7,1.0,0.0,0.0,0.0,0.0
102,1.0,23.0,0.0,1.0,83.1583,0.0,0.0,0.0,0.0,0.0
103,1.0,38.0,0.0,0.0,227.525,0.0,0.0,0.0,0.0,0.0
104,1.0,54.0,1.0,0.0,78.2667,0.0,0.0,0.0,0.0,0.0
105,0.0,36.0,0.0,0.0,31.6792,0.0,0.0,0.0,0.0,0.0
106,0.0,28.0,0.0,0.0,221.7792,1.0,0.0,1.0,0.0,0.0
107,1.0,28.0,0.0,0.0,31.6833,0.0,0.0,1.0,0.0,0.0
108,1.0,28.0,0.0,0.0,110.8833,0.0,0.0,0.0,0.0,0.0
109,1.0,36.0,0.0,0.0,26.3875,1.0,0.0,1.0,0.0,0.0
110,0.0,30.0,0.0,0.0,27.75,1.0,0.0,0.0,0.0,0.0
111,1.0,24.0,3.0,2.0,263.0,0.0,0.0,1.0,0.0,0.0
112,1.0,28.0,3.0,2.0,263.0,0.0,0.0,1.0,0.0,0.0
113,1.0,23.0,3.0,2.0,263.0,0.0,0.0,1.0,0.0,0.0
114,0.0,19.0,3.0,2.0,263.0,1.0,0.0,1.0,0.0,0.0
115,0.0,64.0,1.0,4.0,263.0,1.0,0.0,1.0,0.0,0.0
116,1.0,60.0,1.0,4.0,263.0,0.0,0.0,1.0,0.0,0.0
117,1.0,30.0,0.0,0.0,56.9292,0.0,0.0,0.0,0.0,0.0
118,0.0,28.0,0.0,0.0,26.55,1.0,0.0,1.0,0.0,0.0
119,1.0,50.0,2.0,0.0,133.65,1.0,0.0,1.0,0.0,0.0
120,1.0,43.0,1.0,0.0,27.7208,1.0,0.0,0.0,0.0,0.0
121,1.0,28.0,1.0,0.0,133.65,0.0,0.0,1.0,0.0,0.0
122,1.0,22.0,0.0,2.0,49.5,0.0,0.0,0.0,0.0,0.0
123,1.0,60.0,1.0,1.0,79.2,1.0,0.0,0.0,0.0,0.0
124,1.0,48.0,1.0,1.0,79.2,0.0,0.0,0.0,0.0,0.0
125,0.0,28.0,0.0,0.0,0.0,1.0,0.0,1.0,0.0,0.0
126,0.0,37.0,1.0,0.0,53.1,1.0,0.0,1.0,0.0,0.0
127,1.0,35.0,1.0,0.0,53.1,0.0,0.0,1.0,0.0,0.0
128,0.0,47.0,0.0,0.0,38.5,1.0,0.0,1.0,0.0,0.0
129,1.0,35.0,0.0,0.0,211.5,0.0,0.0,0.0,0.0,0.0
130,1.0,22.0,0.0,1.0,59.4,0.0,0.0,0.0,0.0,0.0
131,1.0,45.0,0.0,1.0,59.4,0.0,0.0,0.0,0.0,0.0
132,0.0,24.0,0.0,0.0,79.2,1.0,0.0,0.0,0.0,0.0
133,1.0,49.0,1.0,0.0,89.1042,1.0,0.0,0.0,0.0,0.0
134,1.0,28.0,1.0,0.0,89.1042,0.0,0.0,0.0,0.0,0.0
135,0.0,71.0,0.0,0.0,34.6542,1.0,0.0,0.0,0.0,0.0
136,1.0,53.0,0.0,0.0,28.5,1.0,0.0,0.0,0.0,0.0
137,1.0,19.0,0.0,0.0,30.0,0.0,0.0,1.0,0.0,0.0
138,0.0,38.0,0.0,1.0,153.4625,1.0,0.0,1.0,0.0,0.0
139,1.0,58.0,0.0,1.0,153.4625,0.0,0.0,1.0,0.0,0.0
140,1.0,23.0,0.0,1.0,63.3583,1.0,0.0,0.0,0.0,0.0
141,1.0,45.0,0.0,1.0,63.3583,0.0,0.0,0.0,0.0,0.0
142,0.0,46.0,0.0,0.0,79.2,1.0,0.0,0.0,0.0,0.0
143,1.0,25.0,1.0,0.0,55.4417,1.0,0.0,0.0,0.0,0.0
144,1.0,25.0,1.0,0.0,55.4417,0.0,0.0,0.0,0.0,0.0
145,1.0,48.0,1.0,0.0,76.7292,1.0,0.0,0.0,0.0,0.0
146,1.0,49.0,1.0,0.0,76.7292,0.0,0.0,0.0,0.0,0.0
147,0.0,28.0,0.0,0.0,42.4,1.0,0.0,1.0,0.0,0.0
148,0.0,45.0,1.0,0.0,83.475,1.0,0.0,1.0,0.0,0.0
149,1.0,35.0,1.0,0.0,83.475,0.0,0.0,1.0,0.0,0.0
150,0.0,40.0,0.0,0.0,0.0,1.0,0.0,1.0,0.0,0.0
151,1.0,27.0,0.0,0.0,76.7292,1.0,0.0,0.0,0.0,0.0
152,1.0,28.0,0.0,0.0,30.0,1.0,0.0,1.0,0.0,0.0
153,1.0,24.0,0.0,0.0,83.1583,0.0,0.0,0.0,0.0,0.0
154,0.0,55.0,1.0,1.0,93.5,1.0,0.0,1.0,0.0,0.0
155,1.0,52.0,1.0,1.0,93.5,0.0,0.0,1.0,0.0,0.0
156,0.0,42.0,0.0,0.0,42.5,1.0,0.0,1.0,0.0,0.0
157,0.0,28.0,0.0,0.0,51.8625,1.0,0.0,1.0,0.0,0.0
158,0.0,55.0,0.0,0.0,50.0,1.0,0.0,1.0,0.0,0.0
159,1.0,16.0,0.0,1.0,57.9792,0.0,0.0,0.0,0.0,0.0
160,1.0,44.0,0.0,1.0,57.9792,0.0,0.0,0.0,0.0,0.0
161,1.0,51.0,1.0,0.0,77.9583,0.0,0.0,1.0,0.0,0.0
162,0.0,42.0,1.0,0.0,52.0,1.0,0.0,1.0,0.0,0.0
163,1.0,35.0,1.0,0.0,52.0,0.0,0.0,1.0,0.0,0.0
164,1.0,35.0,0.0,0.0,26.55,1.0,0.0,0.0,0.0,0.0
165,1.0,38.0,1.0,0.0,90.0,1.0,0.0,1.0,0.0,0.0
166,0.0,28.0,0.0,0.0,30.6958,1.0,0.0,0.0,0.0,0.0
167,1.0,35.0,1.0,0.0,90.0,0.0,0.0,1.0,0.0,0.0
168,1.0,38.0,0.0,0.0,80.0,0.0,0.0,0.0,0.0,0.0
169,0.0,50.0,0.0,0.0,28.7125,0.0,0.0,0.0,0.0,0.0
170,1.0,49.0,0.0,0.0,0.0,1.0,0.0,1.0,0.0,0.0
171,0.0,46.0,0.0,0.0,26.0,1.0,0.0,1.0,0.0,0.0
172,0.0,50.0,0.0,0.0,26.0,1.0,0.0,1.0,0.0,0.0
173,0.0,32.5,0.0,0.0,211.5,1.0,0.0,0.0,0.0,0.0
174,0.0,58.0,0.0,0.0,29.7,1.0,0.0,0.0,0.0,0.0
175,0.0,41.0,1.0,0.0,51.8625,1.0,0.0,1.0,0.0,0.0
176,1.0,28.0,1.0,0.0,51.8625,0.0,0.0,1.0,0.0,0.0
177,1.0,42.0,1.0,0.0,52.5542,1.0,0.0,1.0,0.0,0.0
178,1.0,45.0,1.0,0.0,52.5542,0.0,0.0,1.0,0.0,0.0
179,0.0,28.0,0.0,0.0,26.55,1.0,0.0,1.0,0.0,0.0
180,1.0,39.0,0.0,0.0,211.3375,0.0,0.0,1.0,0.0,0.0
181,1.0,49.0,0.0,0.0,25.9292,0.0,0.0,1.0,0.0,0.0
182,1.0,30.0,0.0,0.0,106.425,0.0,0.0,0.0,0.0,0.0
183,1.0,35.0,0.0,0.0,512.3292,1.0,0.0,0.0,0.0,0.0
184,0.0,28.0,0.0,0.0,27.7208,1.0,0.0,0.0,0.0,0.0
185,0.0,42.0,0.0,0.0,26.55,1.0,0.0,1.0,0.0,0.0
186,1.0,55.0,0.0,0.0,27.7208,0.0,0.0,0.0,0.0,0.0
187,1.0,16.0,0.0,1.0,39.4,0.0,0.0,1.0,0.0,0.0
188,1.0,51.0,0.0,1.0,39.4,0.0,0.0,1.0,0.0,0.0
189,0.0,29.0,0.0,0.0,30.0,1.0,0.0,1.0,0.0,0.0
190,1.0,21.0,0.0,0.0,77.9583,0.0,0.0,1.0,0.0,0.0
191,0.0,30.0,0.0,0.0,45.5,1.0,0.0,1.0,0.0,0.0
192,1.0,58.0,0.0,0.0,146.5208,0.0,0.0,0.0,0.0,0.0
193,1.0,15.0,0.0,1.0,211.3375,0.0,0.0,1.0,0.0,0.0
194,0.0,30.0,0.0,0.0,26.0,1.0,0.0,1.0,0.0,0.0
195,1.0,16.0,0.0,0.0,86.5,0.0,0.0,1.0,0.0,0.0
196,1.0,28.0,0.0,0.0,29.7,1.0,0.0,0.0,0.0,0.0
197,0.0,19.0,1.0,0.0,53.1,1.0,0.0,1.0,0.0,0.0
198,1.0,18.0,1.0,0.0,53.1,0.0,0.0,1.0,0.0,0.0
199,1.0,24.0,0.0,0.0,49.5042,0.0,0.0,0.0,0.0,0.0
200,0.0,46.0,0.0,0.0,75.2417,1.0,0.0,0.0,0.0,0.0
201,0.0,54.0,0.0,0.0,51.8625,1.0,0.0,1.0,0.0,0.0
202,1.0,36.0,0.0,0.0,26.2875,1.0,0.0,1.0,0.0,0.0
203,0.0,28.0,1.0,0.0,82.1708,1.0,0.0,0.0,0.0,0.0
204,1.0,28.0,1.0,0.0,82.1708,0.0,0.0,0.0,0.0,0.0
205,0.0,65.0,0.0,0.0,26.55,1.0,0.0,1.0,0.0,0.0
206,0.0,44.0,2.0,0.0,90.0,1.0,1.0,0.0,0.0,0.0
207,1.0,33.0,1.0,0.0,90.0,0.0,1.0,0.0,0.0,0.0
208,1.0,37.0,1.0,0.0,90.0,0.0,1.0,0.0,0.0,0.0
209,1.0,30.0,1.0,0.0,57.75,1.0,0.0,0.0,0.0,0.0
210,0.0,55.0,0.0,0.0,30.5,1.0,0.0,1.0,0.0,0.0
211,0.0,47.0,0.0,0.0,42.4,1.0,0.0,1.0,0.0,0.0
212,0.0,37.0,0.0,1.0,29.7,1.0,0.0,0.0,0.0,0.0
213,1.0,31.0,1.0,0.0,113.275,0.0,0.0,0.0,0.0,0.0
214,1.0,23.0,1.0,0.0,113.275,0.0,0.0,0.0,0.0,0.0
215,0.0,58.0,0.0,2.0,113.275,1.0,0.0,0.0,0.0,0.0
216,1.0,19.0,0.0,2.0,26.2833,0.0,0.0,1.0,0.0,0.0
217,0.0,64.0,0.0,0.0,26.0,1.0,0.0,1.0,0.0,0.0
218,1.0,39.0,0.0,0.0,108.9,0.0,0.0,0.0,0.0,0.0
219,1.0,28.0,0.0,0.0,25.7417,1.0,0.0,0.0,0.0,0.0
220,1.0,22.0,0.0,1.0,61.9792,0.0,0.0,0.0,0.0,0.0
221,0.0,65.0,0.0,1.0,61.9792,1.0,0.0,0.0,0.0,0.0
222,0.0,28.5,0.0,0.0,27.7208,1.0,0.0,0.0,0.0,0.0
223,0.0,28.0,0.0,0.0,0.0,1.0,0.0,1.0,0.0,0.0
224,0.0,45.5,0.0,0.0,28.5,1.0,0.0,1.0,0.0,0.0
225,0.0,23.0,0.0,0.0,93.5,1.0,0.0,1.0,0.0,0.0
226,0.0,29.0,1.0,0.0,66.6,1.0,0.0,1.0,0.0,0.0
227,1.0,22.0,1.0,0.0,66.6,0.0,0.0,1.0,0.0,0.0
228,0.0,18.0,1.0,0.0,108.9,1.0,0.0,0.0,0.0,0.0
229,1.0,17.0,1.0,0.0,108.9,0.0,0.0,0.0,0.0,0.0
230,1.0,30.0,0.0,0.0,93.5,0.0,0.0,1.0,0.0,0.0
231,1.0,52.0,0.0,0.0,30.5,1.0,0.0,1.0,0.0,0.0
232,0.0,47.0,0.0,0.0,52.0,1.0,0.0,1.0,0.0,0.0
233,1.0,56.0,0.0,1.0,83.1583,0.0,0.0,0.0,0.0,0.0
234,0.0,38.0,0.0,0.0,0.0,1.0,0.0,1.0,0.0,0.0
235,1.0,28.0,0.0,0.0,39.6,1.0,0.0,1.0,0.0,0.0
236,0.0,22.0,0.0,0.0,135.6333,1.0,0.0,0.0,0.0,0.0
237,0.0,28.0,0.0,0.0,227.525,1.0,0.0,0.0,0.0,0.0
238,1.0,43.0,0.0,1.0,211.3375,0.0,0.0,1.0,0.0,0.0
239,0.0,31.0,0.0,0.0,50.4958,1.0,0.0,1.0,0.0,0.0
240,1.0,45.0,0.0,0.0,26.55,1.0,0.0,1.0,0.0,0.0
241,0.0,28.0,0.0,0.0,50.0,1.0,0.0,1.0,0.0,0.0
242,1.0,33.0,0.0,0.0,27.7208,0.0,0.0,0.0,0.0,0.0
243,0.0,46.0,0.0,0.0,79.2,1.0,0.0,0.0,0.0,0.0
244,0.0,36.0,0.0,0.0,40.125,1.0,0.0,0.0,0.0,0.0
245,1.0,33.0,0.0,0.0,86.5,0.0,0.0,1.0,0.0,0.0
246,0.0,55.0,1.0,0.0,59.4,1.0,0.0,0.0,0.0,0.0
247,1.0,54.0,1.0,0.0,59.4,0.0,0.0,0.0,0.0,0.0
248,0.0,33.0,0.0,0.0,26.55,1.0,0.0,1.0,0.0,0.0
249,1.0,13.0,2.0,2.0,262.375,1.0,0.0,0.0,0.0,0.0
250,1.0,18.0,2.0,2.0,262.375,0.0,0.0,0.0,0.0,0.0
251,1.0,21.0,2.0,2.0,262.375,0.0,0.0,0.0,0.0,0.0
252,0.0,61.0,1.0,3.0,262.375,1.0,0.0,0.0,0.0,0.0
253,1.0,48.0,1.0,3.0,262.375,0.0,0.0,0.0,0.0,0.0
254,1.0,28.0,0.0,0.0,30.5,1.0,0.0,1.0,0.0,0.0
255,1.0,24.0,0.0,0.0,69.3,0.0,0.0,0.0,0.0,0.0
256,1.0,28.0,0.0,0.0,26.0,1.0,0.0,1.0,0.0,0.0
257,1.0,35.0,1.0,0.0,57.75,0.0,0.0,0.0,0.0,0.0
258,1.0,30.0,0.0,0.0,31.0,0.0,0.0,0.0,0.0,0.0
259,1.0,34.0,0.0,0.0,26.55,1.0,0.0,1.0,0.0,0.0
260,1.0,40.0,0.0,0.0,153.4625,0.0,0.0,1.0,0.0,0.0
261,1.0,35.0,0.0,0.0,26.2875,1.0,0.0,1.0,0.0,0.0
262,0.0,50.0,1.0,0.0,55.9,1.0,0.0,1.0,0.0,0.0
263,1.0,39.0,1.0,0.0,55.9,0.0,0.0,1.0,0.0,0.0
264,1.0,56.0,0.0,0.0,35.5,1.0,0.0,0.0,0.0,0.0
265,1.0,28.0,0.0,0.0,35.5,1.0,0.0,1.0,0.0,0.0
266,0.0,56.0,0.0,0.0,26.55,1.0,0.0,1.0,0.0,0.0
267,0.0,56.0,0.0,0.0,30.6958,1.0,0.0,0.0,0.0,0.0
268,0.0,24.0,1.0,0.0,60.0,1.0,0.0,1.0,0.0,0.0
269,0.0,28.0,0.0,0.0,26.0,1.0,0.0,1.0,0.0,0.0
270,1.0,18.0,1.0,0.0,60.0,0.0,0.0,1.0,0.0,0.0
271,1.0,24.0,1.0,0.0,82.2667,1.0,0.0,1.0,0.0,0.0
272,1.0,23.0,1.0,0.0,82.2667,0.0,0.0,1.0,0.0,0.0
273,1.0,6.0,0.0,2.0,134.5,1.0,0.0,0.0,0.0,0.0
274,1.0,45.0,1.0,1.0,134.5,1.0,0.0,0.0,0.0,0.0
275,1.0,40.0,1.0,1.0,134.5,0.0,0.0,0.0,0.0,0.0
276,0.0,57.0,1.0,0.0,146.5208,1.0,0.0,0.0,0.0,0.0
277,1.0,28.0,1.0,0.0,146.5208,0.0,0.0,0.0,0.0,0.0
278,1.0,32.0,0.0,0.0,30.5,1.0,0.0,0.0,0.0,0.0
279,0.0,62.0,0.0,0.0,26.55,1.0,0.0,1.0,0.0,0.0
280,1.0,54.0,1.0,0.0,55.4417,1.0,0.0,0.0,0.0,0.0
281,1.0,43.0,1.0,0.0,55.4417,0.0,0.0,0.0,0.0,0.0
282,1.0,52.0,1.0,0.0,78.2667,0.0,0.0,0.0,0.0,0.0
283,0.0,28.0,0.0,0.0,27.7208,1.0,0.0,0.0,0.0,0.0
284,1.0,62.0,0.0,0.0,80.0,0.0,0.0,0.0,0.0,0.0
285,0.0,67.0,1.0,0.0,221.7792,1.0,0.0,1.0,0.0,0.0
286,0.0,63.0,1.0,0.0,221.7792,0.0,0.0,1.0,0.0,0.0
287,0.0,61.0,0.0,0.0,32.3208,1.0,0.0,1.0,0.0,0.0
288,1.0,48.0,0.0,0.0,25.9292,0.0,0.0,1.0,0.0,0.0
289,1.0,18.0,0.0,2.0,79.65,0.0,0.0,1.0,0.0,0.0
290,0.0,52.0,1.0,1.0,79.65,1.0,0.0,1.0,0.0,0.0
291,1.0,39.0,1.0,1.0,79.65,0.0,0.0,1.0,0.0,0.0
292,1.0,48.0,1.0,0.0,52.0,1.0,0.0,1.0,0.0,0.0
293,1.0,28.0,1.0,0.0,52.0,0.0,0.0,1.0,0.0,0.0
294,0.0,49.0,1.0,1.0,110.8833,1.0,0.0,0.0,0.0,0.0
295,1.0,17.0,0.0,2.0,110.8833,1.0,0.0,0.0,0.0,0.0
296,1.0,39.0,1.0,1.0,110.8833,0.0,0.0,0.0,0.0,0.0
297,1.0,28.0,0.0,0.0,79.2,0.0,0.0,0.0,0.0,0.0
298,1.0,31.0,0.0,0.0,28.5375,1.0,0.0,0.0,0.0,0.0
299,0.0,40.0,0.0,0.0,27.7208,1.0,0.0,0.0,0.0,0.0
300,0.0,61.0,0.0,0.0,33.5,1.0,0.0,1.0,0.0,0.0
301,0.0,47.0,0.0,0.0,34.0208,1.0,0.0,1.0,0.0,0.0
302,1.0,35.0,0.0,0.0,512.3292,0.0,0.0,0.0,0.0,0.0
303,0.0,64.0,1.0,0.0,75.25,1.0,0.0,0.0,0.0,0.0
304,1.0,60.0,1.0,0.0,75.25,0.0,0.0,0.0,0.0,0.0
305,0.0,60.0,0.0,0.0,26.55,1.0,0.0,1.0,0.0,0.0
306,0.0,54.0,0.0,1.0,77.2875,1.0,0.0,1.0,0.0,0.0
307,0.0,21.0,0.0,1.0,77.2875,1.0,0.0,1.0,0.0,0.0
308,1.0,55.0,0.0,0.0,135.6333,0.0,0.0,0.0,0.0,0.0
309,1.0,31.0,0.0,2.0,164.8667,0.0,0.0,1.0,0.0,0.0
310,0.0,57.0,1.0,1.0,164.8667,1.0,0.0,1.0,0.0,0.0
311,1.0,45.0,1.0,1.0,164.8667,0.0,0.0,1.0,0.0,0.0
312,0.0,50.0,1.0,1.0,211.5,1.0,0.0,0.0,0.0,0.0
313,0.0,27.0,0.0,2.0,211.5,1.0,0.0,0.0,0.0,0.0
314,1.0,50.0,1.0,1.0,211.5,0.0,0.0,0.0,0.0,0.0
315,1.0,21.0,0.0,0.0,26.55,0.0,0.0,1.0,0.0,0.0
316,0.0,51.0,0.0,1.0,61.3792,1.0,0.0,0.0,0.0,0.0
317,1.0,21.0,0.0,1.0,61.3792,1.0,0.0,0.0,0.0,0.0
318,0.0,28.0,0.0,0.0,35.0,1.0,0.0,1.0,0.0,0.0
319,1.0,31.0,0.0,0.0,134.5,0.0,0.0,0.0,0.0,0.0
320,1.0,28.0,0.0,0.0,35.5,1.0,0.0,1.0,0.0,0.0
321,0.0,62.0,0.0,0.0,26.55,1.0,0.0,1.0,0.0,0.0
322,1.0,36.0,0.0,0.0,135.6333,0.0,0.0,0.0,0.0,0.0
323,0.0,30.0,1.0,0.0,24.0,1.0,0.0,0.0,1.0,0.0
324,1.0,28.0,1.0,0.0,24.0,0.0,0.0,0.0,1.0,0.0
325,0.0,30.0,0.0,0.0,13.0,1.0,0.0,1.0,1.0,0.0
326,0.0,18.0,0.0,0.0,11.5,1.0,0.0,1.0,1.0,0.0
327,0.0,25.0,0.0,0.0,10.5,1.0,0.0,1.0,1.0,0.0
328,0.0,34.0,1.0,0.0,26.0,1.0,0.0,1.0,1.0,0.0
329,1.0,36.0,1.0,0.0,26.0,0.0,0.0,1.0,1.0,0.0
330,0.0,57.0,0.0,0.0,13.0,1.0,0.0,1.0,1.0,0.0
331,0.0,18.0,0.0,0.0,11.5,1.0,0.0,1.0,1.0,0.0
332,0.0,23.0,0.0,0.0,10.5,1.0,0.0,1.0,1.0,0.0
333,1.0,36.0,0.0,0.0,13.0,0.0,0.0,1.0,1.0,0.0
334,0.0,28.0,0.0,0.0,10.5,1.0,0.0,1.0,1.0,0.0
335,0.0,51.0,0.0,0.0,12.525,1.0,0.0,1.0,1.0,0.0
336,1.0,32.0,1.0,0.0,26.0,1.0,0.0,1.0,1.0,0.0
337,1.0,19.0,1.0,0.0,26.0,0.0,0.0,1.0,1.0,0.0
338,0.0,28.0,0.0,0.0,26.0,1.0,0.0,1.0,1.0,0.0
339,1.0,1.0,2.0,1.0,39.0,1.0,0.0,1.0,1.0,0.0
340,1.0,4.0,2.0,1.0,39.0,0.0,0.0,1.0,1.0,0.0
341,1.0,12.0,2.0,1.0,39.0,0.0,0.0,1.0,1.0,0.0
342,1.0,36.0,0.0,3.0,39.0,0.0,0.0,1.0,1.0,0.0
343,1.0,34.0,0.0,0.0,13.0,1.0,0.0,1.0,1.0,0.0
344,1.0,19.0,0.0,0.0,13.0,0.0,0.0,1.0,1.0,0.0
345,0.0,23.0,0.0,0.0,13.0,1.0,0.0,1.0,1.0,0.0
346,0.0,26.0,0.0,0.0,13.0,1.0,0.0,1.0,1.0,0.0
347,0.0,42.0,0.0,0.0,13.0,1.0,0.0,1.0,1.0,0.0
348,0.0,27.0,0.0,0.0,13.0,1.0,0.0,1.0,1.0,0.0
349,1.0,24.0,0.0,0.0,13.0,0.0,0.0,1.0,1.0,0.0
350,1.0,15.0,0.0,2.0,39.0,0.0,0.0,1.0,1.0,0.0
351,0.0,60.0,1.0,1.0,39.0,1.0,0.0,1.0,1.0,0.0
352,1.0,40.0,1.0,1.0,39.0,0.0,0.0,1.0,1.0,0.0
353,1.0,20.0,1.0,0.0,26.0,0.0,0.0,1.0,1.0,0.0
354,0.0,25.0,1.0,0.0,26.0,1.0,0.0,1.0,1.0,0.0
355,1.0,36.0,0.0,0.0,13.0,0.0,0.0,1.0,1.0,0.0
356,0.0,25.0,0.0,0.0,13.0,1.0,0.0,1.0,1.0,0.0
357,0.0,42.0,0.0,0.0,13.0,1.0,0.0,1.0,1.0,0.0
358,1.0,42.0,0.0,0.0,13.0,0.0,0.0,1.0,1.0,0.0
359,1.0,0.8333,0.0,2.0,29.0,1.0,0.0,1.0,1.0,0.0
360,1.0,26.0,1.0,1.0,29.0,1.0,0.0,1.0,1.0,0.0
361,1.0,22.0,1.0,1.0,29.0,0.0,0.0,1.0,1.0,0.0
362,1.0,35.0,0.0,0.0,21.0,0.0,0.0,1.0,1.0,0.0
363,0.0,28.0,0.0,0.0,0.0,1.0,0.0,1.0,1.0,0.0
364,0.0,19.0,0.0,0.0,13.0,1.0,0.0,1.0,1.0,0.0
365,0.0,44.0,1.0,0.0,26.0,0.0,0.0,1.0,1.0,0.0
366,0.0,54.0,1.0,0.0,26.0,1.0,0.0,1.0,1.0,0.0
367,0.0,52.0,0.0,0.0,13.5,1.0,0.0,1.0,1.0,0.0
368,0.0,37.0,1.0,0.0,26.0,1.0,0.0,1.0,1.0,0.0
369,0.0,29.0,1.0,0.0,26.0,0.0,0.0,1.0,1.0,0.0
370,1.0,25.0,1.0,1.0,30.0,0.0,0.0,1.0,1.0,0.0
371,1.0,45.0,0.0,2.0,30.0,0.0,0.0,1.0,1.0,0.0
372,0.0,29.0,1.0,0.0,26.0,1.0,0.0,1.0,1.0,0.0
373,1.0,28.0,1.0,0.0,26.0,0.0,0.0,1.0,1.0,0.0
374,0.0,29.0,0.0,0.0,10.5,1.0,0.0,1.0,1.0,0.0
375,0.0,28.0,0.0,0.0,13.0,1.0,0.0,1.0,1.0,0.0
376,1.0,24.0,0.0,0.0,10.5,1.0,0.0,1.0,1.0,0.0
377,1.0,8.0,0.0,2.0,26.25,0.0,0.0,1.0,1.0,0.0
378,0.0,31.0,1.0,1.0,26.25,1.0,0.0,1.0,1.0,0.0
379,1.0,31.0,1.0,1.0,26.25,0.0,0.0,1.0,1.0,0.0
380,1.0,22.0,0.0,0.0,10.5,0.0,0.0,1.0,1.0,0.0
381,0.0,30.0,0.0,0.0,13.0,0.0,0.0,1.0,1.0,0.0
382,0.0,28.0,0.0,0.0,21.0,0.0,0.0,1.0,1.0,0.0
383,0.0,21.0,0.0,0.0,11.5,1.0,0.0,1.0,1.0,0.0
384,0.0,28.0,0.0,0.0,0.0,1.0,0.0,1.0,1.0,0.0
385,1.0,8.0,1.0,1.0,36.75,1.0,0.0,1.0,1.0,0.0
386,0.0,18.0,0.0,0.0,73.5,1.0,0.0,1.0,1.0,0.0
387,1.0,48.0,0.0,2.0,36.75,0.0,0.0,1.0,1.0,0.0
388,1.0,28.0,0.0,0.0,13.0,0.0,0.0,1.0,1.0,0.0
389,0.0,32.0,0.0,0.0,13.0,1.0,0.0,1.0,1.0,0.0
390,0.0,17.0,0.0,0.0,73.5,1.0,0.0,1.0,1.0,0.0
391,0.0,29.0,1.0,0.0,27.7208,1.0,0.0,0.0,1.0,0.0
392,1.0,24.0,1.0,0.0,27.7208,0.0,0.0,0.0,1.0,0.0
393,0.0,25.0,0.0,0.0,31.5,1.0,0.0,1.0,1.0,0.0
394,0.0,18.0,0.0,0.0,73.5,1.0,0.0,1.0,1.0,0.0
395,1.0,18.0,0.0,1.0,23.0,0.0,0.0,1.0,1.0,0.0
396,1.0,34.0,0.0,1.0,23.0,0.0,0.0,1.0,1.0,0.0
397,0.0,54.0,0.0,0.0,26.0,1.0,0.0,1.0,1.0,0.0
398,1.0,8.0,0.0,2.0,32.5,1.0,0.0,1.0,1.0,0.0
399,0.0,42.0,1.0,1.0,32.5,1.0,0.0,1.0,1.0,0.0
400,1.0,34.0,1.0,1.0,32.5,0.0,0.0,1.0,1.0,0.0
401,1.0,27.0,1.0,0.0,13.8583,0.0,0.0,0.0,1.0,0.0
402,1.0,30.0,1.0,0.0,13.8583,0.0,0.0,0.0,1.0,0.0
403,0.0,23.0,0.0,0.0,13.0,1.0,0.0,1.0,1.0,0.0
404,0.0,21.0,0.0,0.0,13.0,1.0,0.0,1.0,1.0,0.0
405,0.0,18.0,0.0,0.0,13.0,1.0,0.0,1.0,1.0,0.0
406,0.0,40.0,1.0,0.0,26.0,1.0,0.0,1.0,1.0,0.0
407,1.0,29.0,1.0,0.0,26.0,0.0,0.0,1.0,1.0,0.0
408,0.0,18.0,0.0,0.0,10.5,1.0,0.0,1.0,1.0,0.0
409,0.0,36.0,0.0,0.0,13.0,1.0,0.0,1.0,1.0,0.0
410,0.0,28.0,0.0,0.0,0.0,1.0,0.0,1.0,1.0,0.0
411,0.0,38.0,0.0,0.0,13.0,0.0,0.0,1.0,1.0,0.0
412,0.0,35.0,0.0,0.0,26.0,1.0,0.0,1.0,1.0,0.0
413,0.0,38.0,1.0,0.0,21.0,1.0,0.0,1.0,1.0,0.0
414,0.0,34.0,1.0,0.0,21.0,1.0,0.0,1.0,1.0,0.0
415,1.0,34.0,0.0,0.0,13.0,0.0,0.0,1.0,1.0,0.0
416,0.0,16.0,0.0,0.0,26.0,1.0,0.0,1.0,1.0,0.0
417,0.0,26.0,0.0,0.0,10.5,1.0,0.0,1.0,1.0,0.0
418,0.0,47.0,0.0,0.0,10.5,1.0,0.0,1.0,1.0,0.0
419,0.0,21.0,1.0,0.0,11.5,1.0,0.0,1.0,1.0,0.0
420,0.0,21.0,1.0,0.0,11.5,1.0,0.0,1.0,1.0,0.0
421,0.0,24.0,0.0,0.0,13.5,1.0,0.0,1.0,1.0,0.0
422,0.0,24.0,0.0,0.0,13.0,1.0,0.0,1.0,1.0,0.0
423,0.0,34.0,0.0,0.0,13.0,1.0,0.0,1.0,1.0,0.0
424,0.0,30.0,0.0,0.0,13.0,1.0,0.0,1.0,1.0,0.0
425,0.0,52.0,0.0,0.0,13.0,1.0,0.0,1.0,1.0,0.0
426,0.0,30.0,0.0,0.0,13.0,1.0,0.0,1.0,1.0,0.0
427,1.0,0.6667,1.0,1.0,14.5,1.0,0.0,1.0,1.0,0.0
428,1.0,24.0,0.0,2.0,14.5,0.0,0.0,1.0,1.0,0.0
429,0.0,44.0,0.0,0.0,13.0,1.0,0.0,1.0,1.0,0.0
430,1.0,6.0,0.0,1.0,33.0,0.0,0.0,1.0,1.0,0.0
431,0.0,28.0,0.0,1.0,33.0,1.0,0.0,1.0,1.0,0.0
432,1.0,62.0,0.0,0.0,10.5,1.0,0.0,1.0,1.0,0.0
433,0.0,30.0,0.0,0.0,10.5,1.0,0.0,1.0,1.0,0.0
434,1.0,7.0,0.0,2.0,26.25,0.0,0.0,1.0,1.0,0.0
435,0.0,43.0,1.0,1.0,26.25,1.0,0.0,1.0,1.0,0.0
436,1.0,45.0,1.0,1.0,26.25,0.0,0.0,1.0,1.0,0.0
437,1.0,24.0,1.0,2.0,65.0,0.0,0.0,1.0,1.0,0.0
438,1.0,24.0,1.0,2.0,65.0,0.0,0.0,1.0,1.0,0.0
439,0.0,49.0,1.0,2.0,65.0,1.0,0.0,1.0,1.0,0.0
440,1.0,48.0,1.0,2.0,65.0,0.0,0.0,1.0,1.0,0.0
441,1.0,55.0,0.0,0.0,16.0,0.0,0.0,1.0,1.0,0.0
442,0.0,24.0,2.0,0.0,73.5,1.0,0.0,1.0,1.0,0.0
443,0.0,32.0,2.0,0.0,73.5,1.0,0.0,1.0,1.0,0.0
444,0.0,21.0,2.0,0.0,73.5,1.0,0.0,1.0,1.0,0.0
445,0.0,18.0,1.0,1.0,13.0,0.0,0.0,1.0,1.0,0.0
446,1.0,20.0,2.0,1.0,23.0,0.0,0.0,1.0,1.0,0.0
447,0.0,23.0,2.0,1.0,11.5,1.0,0.0,1.0,1.0,0.0
448,0.0,36.0,0.0,0.0,13.0,1.0,0.0,1.0,1.0,0.0
449,1.0,54.0,1.0,3.0,23.0,0.0,0.0,1.0,1.0,0.0
450,0.0,50.0,0.0,0.0,13.0,1.0,0.0,1.0,1.0,0.0
451,0.0,44.0,1.0,0.0,26.0,1.0,0.0,1.0,1.0,0.0
452,1.0,29.0,1.0,0.0,26.0,0.0,0.0,1.0,1.0,0.0
453,0.0,21.0,0.0,0.0,73.5,1.0,0.0,1.0,1.0,0.0
454,1.0,42.0,0.0,0.0,13.0,1.0,0.0,1.0,1.0,0.0
455,0.0,63.0,1.0,0.0,26.0,1.0,0.0,1.0,1.0,0.0
456,0.0,60.0,1.0,0.0,26.0,0.0,0.0,1.0,1.0,0.0
457,0.0,33.0,0.0,0.0,12.275,1.0,0.0,1.0,1.0,0.0
458,1.0,17.0,0.0,0.0,10.5,0.0,0.0,1.0,1.0,0.0
459,0.0,42.0,1.0,0.0,27.0,1.0,0.0,1.0,1.0,0.0
460,1.0,24.0,2.0,1.0,27.0,0.0,0.0,1.0,1.0,0.0
461,0.0,47.0,0.0,0.0,15.0,1.0,0.0,1.0,1.0,0.0
462,0.0,24.0,2.0,0.0,31.5,1.0,0.0,1.0,1.0,0.0
463,0.0,22.0,2.0,0.0,31.5,1.0,0.0,1.0,1.0,0.0
464,0.0,32.0,0.0,0.0,10.5,1.0,0.0,1.0,1.0,0.0
465,1.0,23.0,0.0,0.0,13.7917,0.0,0.0,0.0,1.0,0.0
466,0.0,34.0,1.0,0.0,26.0,1.0,0.0,1.0,1.0,0.0
467,1.0,24.0,1.0,0.0,26.0,0.0,0.0,1.0,1.0,0.0
468,0.0,22.0,0.0,0.0,21.0,0.0,0.0,1.0,1.0,0.0
469,1.0,28.0,0.0,0.0,12.35,0.0,1.0,0.0,1.0,0.0
470,0.0,35.0,0.0,0.0,12.35,1.0,1.0,0.0,1.0,0.0
471,1.0,45.0,0.0,0.0,13.5,0.0,0.0,1.0,1.0,0.0
472,0.0,57.0,0.0,0.0,12.35,1.0,1.0,0.0,1.0,0.0
473,0.0,28.0,0.0,0.0,0.0,1.0,0.0,1.0,1.0,0.0
474,0.0,31.0,0.0,0.0,10.5,1.0,0.0,1.0,1.0,0.0
475,0.0,26.0,1.0,1.0,26.0,0.0,0.0,1.0,1.0,0.0
476,0.0,30.0,1.0,1.0,26.0,1.0,0.0,1.0,1.0,0.0
477,0.0,28.0,0.0,0.0,10.7083,1.0,1.0,0.0,1.0,0.0
478,1.0,1.0,1.0,2.0,41.5792,0.0,0.0,0.0,1.0,0.0
479,1.0,3.0,1.0,2.0,41.5792,0.0,0.0,0.0,1.0,0.0
480,0.0,25.0,1.0,2.0,41.5792,1.0,0.0,0.0,1.0,0.0
481,1.0,22.0,1.0,2.0,41.5792,0.0,0.0,0.0,1.0,0.0
482,1.0,17.0,0.0,0.0,12.0,0.0,0.0,0.0,1.0,0.0
483,1.0,28.0,0.0,0.0,33.0,0.0,0.0,1.0,1.0,0.0
484,1.0,34.0,0.0,0.0,10.5,0.0,0.0,1.0,1.0,0.0
485,0.0,36.0,0.0,0.0,12.875,1.0,0.0,0.0,1.0,0.0
486,0.0,24.0,0.0,0.0,10.5,1.0,0.0,1.0,1.0,0.0
487,0.0,61.0,0.0,0.0,12.35,1.0,1.0,0.0,1.0,0.0
488,0.0,50.0,1.0,0.0,26.0,1.0,0.0,1.0,1.0,0.0
489,1.0,42.0,1.0,0.0,26.0,0.0,0.0,1.0,1.0,0.0
490,0.0,57.0,0.0,0.0,10.5,0.0,0.0,1.0,1.0,0.0
491,0.0,28.0,0.0,0.0,15.0458,1.0,0.0,0.0,1.0,0.0
492,1.0,1.0,0.0,2.0,37.0042,1.0,0.0,0.0,1.0,0.0
493,0.0,31.0,1.0,1.0,37.0042,1.0,0.0,0.0,1.0,0.0
494,1.0,24.0,1.0,1.0,37.0042,0.0,0.0,0.0,1.0,0.0
495,0.0,28.0,0.0,0.0,15.5792,1.0,0.0,0.0,1.0,0.0
496,0.0,30.0,0.0,0.0,13.0,1.0,0.0,1.0,1.0,0.0
497,0.0,40.0,0.0,0.0,16.0,1.0,0.0,1.0,1.0,0.0
498,0.0,32.0,0.0,0.0,13.5,1.0,0.0,1.0,1.0,0.0
499,0.0,30.0,0.0,0.0,13.0,1.0,0.0,1.0,1.0,0.0
500,0.0,46.0,0.0,0.0,26.0,1.0,0.0,1.0,1.0,0.0
501,1.0,13.0,0.0,1.0,19.5,0.0,0.0,1.0,1.0,0.0
502,1.0,41.0,0.0,1.0,19.5,0.0,0.0,1.0,1.0,0.0
503,1.0,19.0,0.0,0.0,10.5,1.0,0.0,1.0,1.0,0.0
504,0.0,39.0,0.0,0.0,13.0,1.0,0.0,1.0,1.0,0.0
505,0.0,48.0,0.0,0.0,13.0,1.0,0.0,1.0,1.0,0.0
506,0.0,70.0,0.0,0.0,10.5,1.0,0.0,1.0,1.0,0.0
507,0.0,27.0,0.0,0.0,13.0,1.0,0.0,1.0,1.0,0.0
508,0.0,54.0,0.0,0.0,14.0,1.0,0.0,1.0,1.0,0.0
509,0.0,39.0,0.0,0.0,26.0,1.0,0.0,1.0,1.0,0.0
510,0.0,16.0,0.0,0.0,10.5,1.0,0.0,1.0,1.0,0.0
511,0.0,62.0,0.0,0.0,9.6875,1.0,1.0,0.0,1.0,0.0
512,0.0,32.5,1.0,0.0,30.0708,1.0,0.0,0.0,1.0,0.0
513,1.0,14.0,1.0,0.0,30.0708,0.0,0.0,0.0,1.0,0.0
514,1.0,2.0,1.0,1.0,26.0,1.0,0.0,1.0,1.0,0.0
515,1.0,3.0,1.0,1.0,26.0,1.0,0.0,1.0,1.0,0.0
516,0.0,36.5,0.0,2.0,26.0,1.0,0.0,1.0,1.0,0.0
517,0.0,26.0,0.0,0.0,13.0,1.0,0.0,1.0,1.0,0.0
518,0.0,19.0,1.0,1.0,36.75,1.0,0.0,1.0,1.0,0.0
519,0.0,28.0,0.0,0.0,13.5,1.0,0.0,1.0,1.0,0.0
520,1.0,20.0,0.0,0.0,13.8625,1.0,0.0,0.0,1.0,0.0
521,1.0,29.0,0.0,0.0,10.5,0.0,0.0,1.0,1.0,0.0
522,0.0,39.0,0.0,0.0,13.0,1.0,0.0,1.0,1.0,0.0
523,1.0,22.0,0.0,0.0,10.5,1.0,0.0,1.0,1.0,0.0
524,1.0,28.0,0.0,0.0,13.8625,1.0,0.0,0.0,1.0,0.0
525,0.0,23.0,0.0,0.0,10.5,1.0,0.0,1.0,1.0,0.0
526,1.0,29.0,0.0,0.0,13.8583,1.0,0.0,0.0,1.0,0.0
527,0.0,28.0,0.0,0.0,10.5,1.0,0.0,1.0,1.0,0.0
528,0.0,28.0,0.0,0.0,0.0,1.0,0.0,1.0,1.0,0.0
529,1.0,50.0,0.0,1.0,26.0,0.0,0.0,1.0,1.0,0.0
530,0.0,19.0,0.0,0.0,10.5,1.0,0.0,1.0,1.0,0.0
531,0.0,28.0,0.0,0.0,15.05,1.0,0.0,0.0,1.0,0.0
532,0.0,41.0,0.0,0.0,13.0,1.0,0.0,1.0,1.0,0.0
533,1.0,21.0,0.0,1.0,21.0,0.0,0.0,1.0,1.0,0.0
534,1.0,19.0,0.0,0.0,26.0,0.0,0.0,1.0,1.0,0.0
535,0.0,43.0,0.0,1.0,21.0,1.0,0.0,1.0,1.0,0.0
536,1.0,32.0,0.0,0.0,13.0,0.0,0.0,1.0,1.0,0.0
537,0.0,34.0,0.0,0.0,13.0,1.0,0.0,1.0,1.0,0.0
538,1.0,30.0,0.0,0.0,12.7375,1.0,0.0,0.0,1.0,0.0
539,0.0,27.0,0.0,0.0,15.0333,1.0,0.0,0.0,1.0,0.0
540,1.0,2.0,1.0,1.0,26.0,0.0,0.0,1.0,1.0,0.0
541,1.0,8.0,1.0,1.0,26.0,0.0,0.0,1.0,1.0,0.0
542,1.0,33.0,0.0,2.0,26.0,0.0,0.0,1.0,1.0,0.0
543,0.0,36.0,0.0,0.0,10.5,1.0,0.0,1.0,1.0,0.0
544,0.0,34.0,1.0,0.0,21.0,1.0,0.0,1.0,1.0,0.0
545,1.0,30.0,3.0,0.0,21.0,0.0,0.0,1.0,1.0,0.0
546,1.0,28.0,0.0,0.0,13.0,0.0,0.0,1.0,1.0,0.0
547,0.0,23.0,0.0,0.0,15.0458,1.0,0.0,0.0,1.0,0.0
548,1.0,0.8333,1.0,1.0,18.75,1.0,0.0,1.0,1.0,0.0
549,1.0,3.0,1.0,1.0,18.75,1.0,0.0,1.0,1.0,0.0
550,1.0,24.0,2.0,3.0,18.75,0.0,0.0,1.0,1.0,0.0
551,1.0,50.0,0.0,0.0,10.5,0.0,0.0,1.0,1.0,0.0
552,0.0,19.0,0.0,0.0,10.5,1.0,0.0,1.0,1.0,0.0
553,1.0,21.0,0.0,0.0,10.5,0.0,0.0,1.0,1.0,0.0
554,0.0,26.0,0.0,0.0,13.0,1.0,0.0,1.0,1.0,0.0
555,0.0,25.0,0.0,0.0,13.0,1.0,0.0,1.0,1.0,0.0
556,0.0,27.0,0.0,0.0,26.0,1.0,0.0,1.0,1.0,0.0
557,1.0,25.0,0.0,1.0,26.0,0.0,0.0,1.0,1.0,0.0
558,1.0,18.0,0.0,2.0,13.0,0.0,0.0,1.0,1.0,0.0
559,1.0,20.0,0.0,0.0,36.75,0.0,0.0,1.0,1.0,0.0
560,1.0,30.0,0.0,0.0,13.0,0.0,0.0,1.0,1.0,0.0
561,0.0,59.0,0.0,0.0,13.5,1.0,0.0,1.0,1.0,0.0
562,1.0,30.0,0.0,0.0,12.35,0.0,1.0,0.0,1.0,0.0
563,0.0,35.0,0.0,0.0,10.5,1.0,0.0,1.0,1.0,0.0
564,1.0,40.0,0.0,0.0,13.0,0.0,0.0,1.0,1.0,0.0
565,0.0,25.0,0.0,0.0,13.0,1.0,0.0,1.0,1.0,0.0
566,0.0,41.0,0.0,0.0,15.0458,1.0,0.0,0.0,1.0,0.0
567,0.0,25.0,0.0,0.0,10.5,1.0,0.0,1.0,1.0,0.0
568,0.0,18.5,0.0,0.0,13.0,1.0,0.0,1.0,1.0,0.0
569,0.0,14.0,0.0,0.0,65.0,1.0,0.0,1.0,1.0,0.0
570,1.0,50.0,0.0,0.0,10.5,0.0,0.0,1.0,1.0,0.0
571,0.0,23.0,0.0,0.0,13.0,1.0,0.0,1.0,1.0,0.0
572,1.0,28.0,0.0,0.0,12.65,0.0,0.0,1.0,1.0,0.0
573,1.0,27.0,0.0,0.0,10.5,0.0,0.0,1.0,1.0,0.0
574,0.0,29.0,1.0,0.0,21.0,1.0,0.0,1.0,1.0,0.0
575,0.0,27.0,1.0,0.0,21.0,0.0,0.0,1.0,1.0,0.0
576,0.0,40.0,0.0,0.0,13.0,1.0,0.0,1.0,1.0,0.0
577,1.0,31.0,0.0,0.0,21.0,0.0,0.0,1.0,1.0,0.0
578,0.0,30.0,1.0,0.0,21.0,1.0,0.0,1.0,1.0,0.0
579,0.0,23.0,1.0,0.0,10.5,1.0,0.0,1.0,1.0,0.0
580,1.0,31.0,0.0,0.0,21.0,0.0,0.0,1.0,1.0,0.0
581,0.0,28.0,0.0,0.0,0.0,1.0,0.0,1.0,1.0,0.0
582,1.0,12.0,0.0,0.0,15.75,0.0,0.0,1.0,1.0,0.0
583,1.0,40.0,0.0,0.0,15.75,0.0,0.0,1.0,1.0,0.0
584,1.0,32.5,0.0,0.0,13.0,0.0,0.0,1.0,1.0,0.0
585,0.0,27.0,1.0,0.0,26.0,1.0,0.0,1.0,1.0,0.0
586,1.0,29.0,1.0,0.0,26.0,0.0,0.0,1.0,1.0,0.0
587,1.0,2.0,1.0,1.0,23.0,1.0,0.0,1.0,1.0,0.0
588,1.0,4.0,1.0,1.0,23.0,0.0,0.0,1.0,1.0,0.0
589,1.0,29.0,0.0,2.0,23.0,0.0,0.0,1.0,1.0,0.0
590,1.0,0.9167,1.0,2.0,27.75,0.0,0.0,1.0,1.0,0.0
591,1.0,5.0,1.0,2.0,27.75,0.0,0.0,1.0,1.0,0.0
592,0.0,36.0,1.0,2.0,27.75,1.0,0.0,1.0,1.0,0.0
593,1.0,33.0,1.0,2.0,27.75,0.0,0.0,1.0,1.0,0.0
594,0.0,66.0,0.0,0.0,10.5,1.0,0.0,1.0,1.0,0.0
595,0.0,28.0,0.0,0.0,12.875,1.0,0.0,1.0,1.0,0.0
596,1.0,31.0,0.0,0.0,13.0,1.0,0.0,1.0,1.0,0.0
597,1.0,28.0,0.0,0.0,13.0,1.0,0.0,1.0,1.0,0.0
598,1.0,26.0,0.0,0.0,13.5,0.0,0.0,1.0,1.0,0.0
599,0.0,24.0,0.0,0.0,13.0,0.0,0.0,1.0,1.0,0.0
600,0.0,42.0,0.0,0.0,7.55,1.0,0.0,1.0,0.0,1.0
601,0.0,13.0,0.0,2.0,20.25,1.0,0.0,1.0,0.0,1.0
602,0.0,16.0,1.0,1.0,20.25,1.0,0.0,1.0,0.0,1.0
603,1.0,35.0,1.0,1.0,20.25,0.0,0.0,1.0,0.0,1.0
604,1.0,16.0,0.0,0.0,7.65,0.0,0.0,1.0,0.0,1.0
605,1.0,25.0,0.0,0.0,7.65,1.0,0.0,1.0,0.0,1.0
606,1.0,20.0,0.0,0.0,7.925,1.0,0.0,1.0,0.0,1.0
607,1.0,18.0,0.0,0.0,7.2292,0.0,0.0,0.0,0.0,1.0
608,0.0,30.0,0.0,0.0,7.25,1.0,0.0,1.0,0.0,1.0
609,0.0,26.0,0.0,0.0,8.05,1.0,0.0,1.0,0.0,1.0
610,0.0,40.0,1.0,0.0,9.475,0.0,0.0,1.0,0.0,1.0
611,1.0,0.8333,0.0,1.0,9.35,1.0,0.0,1.0,0.0,1.0
612,1.0,18.0,0.0,1.0,9.35,0.0,0.0,1.0,0.0,1.0
613,1.0,26.0,0.0,0.0,18.7875,1.0,0.0,0.0,0.0,1.0
614,0.0,26.0,0.0,0.0,7.8875,1.0,0.0,1.0,0.0,1.0
615,0.0,20.0,0.0,0.0,7.925,1.0,0.0,1.0,0.0,1.0
616,0.0,24.0,0.0,0.0,7.05,1.0,0.0,1.0,0.0,1.0
617,0.0,25.0,0.0,0.0,7.05,1.0,0.0,1.0,0.0,1.0
618,0.0,35.0,0.0,0.0,8.05,1.0,0.0,1.0,0.0,1.0
619,0.0,18.0,0.0,0.0,8.3,1.0,0.0,1.0,0.0,1.0
620,0.0,32.0,0.0,0.0,22.525,1.0,0.0,1.0,0.0,1.0
621,1.0,19.0,1.0,0.0,7.8542,0.0,0.0,1.0,0.0,1.0
622,0.0,4.0,4.0,2.0,31.275,1.0,0.0,1.0,0.0,1.0
623,0.0,6.0,4.0,2.0,31.275,0.0,0.0,1.0,0.0,1.0
624,0.0,2.0,4.0,2.0,31.275,0.0,0.0,1.0,0.0,1.0
625,1.0,17.0,4.0,2.0,7.925,0.0,0.0,1.0,0.0,1.0
626,0.0,38.0,4.0,2.0,7.775,0.0,0.0,1.0,0.0,1.0
627,0.0,9.0,4.0,2.0,31.275,0.0,0.0,1.0,0.0,1.0
628,0.0,11.0,4.0,2.0,31.275,0.0,0.0,1.0,0.0,1.0
629,0.0,39.0,1.0,5.0,31.275,1.0,0.0,1.0,0.0,1.0
630,1.0,27.0,0.0,0.0,7.7958,1.0,0.0,1.0,0.0,1.0
631,0.0,26.0,0.0,0.0,7.775,1.0,0.0,1.0,0.0,1.0
632,0.0,39.0,1.0,5.0,31.275,0.0,0.0,1.0,0.0,1.0
633,0.0,20.0,0.0,0.0,7.8542,1.0,0.0,1.0,0.0,1.0
634,0.0,26.0,0.0,0.0,7.8958,1.0,0.0,1.0,0.0,1.0
635,0.0,25.0,1.0,0.0,17.8,1.0,0.0,1.0,0.0,1.0
636,0.0,18.0,1.0,0.0,17.8,0.0,0.0,1.0,0.0,1.0
637,0.0,24.0,0.0,0.0,7.775,1.0,0.0,1.0,0.0,1.0
638,0.0,35.0,0.0,0.0,7.05,1.0,0.0,1.0,0.0,1.0
639,0.0,5.0,4.0,2.0,31.3875,1.0,0.0,1.0,0.0,1.0
640,0.0,9.0,4.0,2.0,31.3875,1.0,0.0,1.0,0.0,1.0
641,1.0,3.0,4.0,2.0,31.3875,1.0,0.0,1.0,0.0,1.0
642,0.0,13.0,4.0,2.0,31.3875,1.0,0.0,1.0,0.0,1.0
643,1.0,5.0,4.0,2.0,31.3875,0.0,0.0,1.0,0.0,1.0
644,0.0,40.0,1.0,5.0,31.3875,1.0,0.0,1.0,0.0,1.0
645,1.0,23.0,0.0,0.0,7.7958,1.0,0.0,1.0,0.0,1.0
646,1.0,38.0,1.0,5.0,31.3875,0.0,0.0,1.0,0.0,1.0
647,1.0,45.0,0.0,0.0,7.225,0.0,0.0,0.0,0.0,1.0
648,0.0,21.0,0.0,0.0,7.225,1.0,0.0,0.0,0.0,1.0
649,0.0,23.0,0.0,0.0,7.05,1.0,0.0,1.0,0.0,1.0
650,0.0,17.0,0.0,0.0,14.4583,0.0,0.0,0.0,0.0,1.0
651,0.0,30.0,0.0,0.0,7.225,1.0,0.0,0.0,0.0,1.0
652,0.0,23.0,0.0,0.0,7.8542,1.0,0.0,1.0,0.0,1.0
653,1.0,13.0,0.0,0.0,7.2292,0.0,0.0,0.0,0.0,1.0
654,0.0,20.0,0.0,0.0,7.225,1.0,0.0,0.0,0.0,1.0
655,0.0,32.0,1.0,0.0,15.85,1.0,0.0,1.0,0.0,1.0
656,1.0,33.0,3.0,0.0,15.85,0.0,0.0,1.0,0.0,1.0
657,1.0,0.75,2.0,1.0,19.2583,0.0,0.0,0.0,0.0,1.0
658,1.0,0.75,2.0,1.0,19.2583,0.0,0.0,0.0,0.0,1.0
659,1.0,5.0,2.0,1.0,19.2583,0.0,0.0,0.0,0.0,1.0
660,1.0,24.0,0.0,3.0,19.2583,0.0,0.0,0.0,0.0,1.0
661,1.0,18.0,0.0,0.0,8.05,0.0,0.0,1.0,0.0,1.0
662,0.0,40.0,0.0,0.0,7.225,1.0,0.0,0.0,0.0,1.0
663,0.0,26.0,0.0,0.0,7.8958,1.0,0.0,1.0,0.0,1.0
664,1.0,20.0,0.0,0.0,7.2292,1.0,0.0,0.0,0.0,1.0
665,0.0,18.0,0.0,1.0,14.4542,0.0,0.0,0.0,0.0,1.0
666,0.0,45.0,0.0,1.0,14.4542,0.0,0.0,0.0,0.0,1.0
667,0.0,27.0,0.0,0.0,7.8792,0.0,1.0,0.0,0.0,1.0
668,0.0,22.0,0.0,0.0,8.05,1.0,0.0,1.0,0.0,1.0
669,0.0,19.0,0.0,0.0,8.05,1.0,0.0,1.0,0.0,1.0
670,0.0,26.0,0.0,0.0,7.775,1.0,0.0,1.0,0.0,1.0
671,0.0,22.0,0.0,0.0,9.35,1.0,0.0,1.0,0.0,1.0
672,0.0,28.0,0.0,0.0,7.2292,1.0,0.0,0.0,0.0,1.0
673,0.0,20.0,0.0,0.0,4.0125,1.0,0.0,0.0,0.0,1.0
674,1.0,32.0,0.0,0.0,56.4958,1.0,0.0,1.0,0.0,1.0
675,0.0,21.0,0.0,0.0,7.775,1.0,0.0,1.0,0.0,1.0
676,0.0,18.0,0.0,0.0,7.75,1.0,0.0,1.0,0.0,1.0
677,0.0,26.0,0.0,0.0,7.8958,1.0,0.0,1.0,0.0,1.0
678,0.0,6.0,1.0,1.0,15.2458,1.0,0.0,0.0,0.0,1.0
679,0.0,9.0,1.0,1.0,15.2458,0.0,0.0,0.0,0.0,1.0
680,0.0,28.0,0.0,0.0,7.225,1.0,0.0,0.0,0.0,1.0
681,0.0,28.0,0.0,2.0,15.2458,0.0,0.0,0.0,0.0,1.0
682,0.0,28.0,0.0,2.0,7.75,0.0,1.0,0.0,0.0,1.0
683,0.0,40.0,1.0,1.0,15.5,1.0,1.0,0.0,0.0,1.0
684,0.0,32.0,1.0,1.0,15.5,0.0,1.0,0.0,0.0,1.0
685,0.0,21.0,0.0,0.0,16.1,1.0,0.0,1.0,0.0,1.0
686,1.0,22.0,0.0,0.0,7.725,0.0,1.0,0.0,0.0,1.0
687,0.0,20.0,0.0,0.0,7.8542,0.0,0.0,1.0,0.0,1.0
688,0.0,29.0,1.0,0.0,7.0458,1.0,0.0,1.0,0.0,1.0
689,0.0,22.0,1.0,0.0,7.25,1.0,0.0,1.0,0.0,1.0
690,0.0,22.0,0.0,0.0,7.7958,1.0,0.0,1.0,0.0,1.0
691,0.0,35.0,0.0,0.0,8.05,1.0,0.0,1.0,0.0,1.0
692,0.0,18.5,0.0,0.0,7.2833,0.0,1.0,0.0,0.0,1.0
693,1.0,21.0,0.0,0.0,7.8208,1.0,1.0,0.0,0.0,1.0
694,0.0,19.0,0.0,0.0,6.75,1.0,1.0,0.0,0.0,1.0
695,0.0,18.0,0.0,0.0,7.8792,0.0,1.0,0.0,0.0,1.0
696,0.0,21.0,0.0,0.0,8.6625,0.0,0.0,1.0,0.0,1.0
697,0.0,30.0,0.0,0.0,8.6625,0.0,0.0,1.0,0.0,1.0
698,0.0,18.0,0.0,0.0,8.6625,1.0,0.0,1.0,0.0,1.0
699,0.0,38.0,0.0,0.0,8.6625,1.0,0.0,1.0,0.0,1.0
700,0.0,17.0,0.0,0.0,8.6625,1.0,0.0,1.0,0.0,1.0
701,0.0,17.0,0.0,0.0,8.6625,1.0,0.0,1.0,0.0,1.0
702,0.0,21.0,0.0,0.0,7.75,0.0,1.0,0.0,0.0,1.0
703,0.0,21.0,0.0,0.0,7.75,1.0,1.0,0.0,0.0,1.0
704,0.0,21.0,0.0,0.0,8.05,1.0,0.0,1.0,0.0,1.0
705,0.0,28.0,1.0,0.0,14.4583,1.0,0.0,0.0,0.0,1.0
706,0.0,28.0,1.0,0.0,14.4583,0.0,0.0,0.0,0.0,1.0
707,0.0,28.0,0.0,0.0,7.7958,1.0,0.0,1.0,0.0,1.0
708,0.0,24.0,0.0,0.0,7.8542,1.0,0.0,1.0,0.0,1.0
709,1.0,16.0,0.0,0.0,7.75,0.0,1.0,0.0,0.0,1.0
710,0.0,37.0,0.0,0.0,7.75,0.0,1.0,0.0,0.0,1.0
711,0.0,28.0,0.0,0.0,7.25,1.0,0.0,1.0,0.0,1.0
712,0.0,24.0,0.0,0.0,8.05,1.0,0.0,1.0,0.0,1.0
713,0.0,21.0,0.0,0.0,7.7333,1.0,1.0,0.0,0.0,1.0
714,1.0,32.0,0.0,0.0,56.4958,1.0,0.0,1.0,0.0,1.0
715,0.0,29.0,0.0,0.0,8.05,1.0,0.0,1.0,0.0,1.0
716,0.0,26.0,1.0,0.0,14.4542,1.0,0.0,0.0,0.0,1.0
717,0.0,18.0,1.0,0.0,14.4542,1.0,0.0,0.0,0.0,1.0
718,0.0,20.0,0.0,0.0,7.05,1.0,0.0,1.0,0.0,1.0
719,1.0,18.0,0.0,0.0,8.05,1.0,0.0,1.0,0.0,1.0
720,0.0,24.0,0.0,0.0,7.25,1.0,1.0,0.0,0.0,1.0
721,0.0,36.0,0.0,0.0,7.4958,1.0,0.0,1.0,0.0,1.0
722,0.0,24.0,0.0,0.0,7.4958,1.0,0.0,1.0,0.0,1.0
723,0.0,31.0,0.0,0.0,7.7333,1.0,1.0,0.0,0.0,1.0
724,0.0,31.0,0.0,0.0,7.75,1.0,1.0,0.0,0.0,1.0
725,1.0,22.0,0.0,0.0,7.75,0.0,1.0,0.0,0.0,1.0
726,0.0,30.0,0.0,0.0,7.6292,0.0,1.0,0.0,0.0,1.0
727,0.0,70.5,0.0,0.0,7.75,1.0,1.0,0.0,0.0,1.0
728,0.0,43.0,0.0,0.0,8.05,1.0,0.0,1.0,0.0,1.0
729,0.0,35.0,0.0,0.0,7.8958,1.0,0.0,1.0,0.0,1.0
730,0.0,27.0,0.0,0.0,7.8958,1.0,0.0,1.0,0.0,1.0
731,0.0,19.0,0.0,0.0,7.8958,1.0,0.0,1.0,0.0,1.0
732,0.0,30.0,0.0,0.0,8.05,1.0,0.0,1.0,0.0,1.0
733,1.0,9.0,1.0,1.0,15.9,1.0,0.0,1.0,0.0,1.0
734,1.0,3.0,1.0,1.0,15.9,1.0,0.0,1.0,0.0,1.0
735,1.0,36.0,0.0,2.0,15.9,0.0,0.0,1.0,0.0,1.0
736,0.0,59.0,0.0,0.0,7.25,1.0,0.0,1.0,0.0,1.0
737,0.0,19.0,0.0,0.0,8.1583,1.0,0.0,1.0,0.0,1.0
738,1.0,17.0,0.0,1.0,16.1,0.0,0.0,1.0,0.0,1.0
739,0.0,44.0,0.0,1.0,16.1,1.0,0.0,1.0,0.0,1.0
740,0.0,17.0,0.0,0.0,8.6625,1.0,0.0,1.0,0.0,1.0
741,0.0,22.5,0.0,0.0,7.225,1.0,0.0,0.0,0.0,1.0
742,1.0,45.0,0.0,0.0,8.05,1.0,0.0,1.0,0.0,1.0
743,0.0,22.0,0.0,0.0,10.5167,0.0,0.0,1.0,0.0,1.0
744,0.0,19.0,0.0,0.0,10.1708,1.0,0.0,1.0,0.0,1.0
745,1.0,30.0,0.0,0.0,6.95,0.0,1.0,0.0,0.0,1.0
746,1.0,29.0,0.0,0.0,7.75,1.0,1.0,0.0,0.0,1.0
747,0.0,0.3333,0.0,2.0,14.4,1.0,0.0,1.0,0.0,1.0
748,0.0,34.0,1.0,1.0,14.4,1.0,0.0,1.0,0.0,1.0
749,0.0,28.0,1.0,1.0,14.4,0.0,0.0,1.0,0.0,1.0
750,0.0,27.0,0.0,0.0,7.8958,1.0,0.0,1.0,0.0,1.0
751,0.0,25.0,0.0,0.0,7.8958,1.0,0.0,1.0,0.0,1.0
752,0.0,24.0,2.0,0.0,24.15,1.0,0.0,1.0,0.0,1.0
753,0.0,22.0,0.0,0.0,8.05,1.0,0.0,1.0,0.0,1.0
754,0.0,21.0,2.0,0.0,24.15,1.0,0.0,1.0,0.0,1.0
755,0.0,17.0,2.0,0.0,8.05,1.0,0.0,1.0,0.0,1.0
756,0.0,28.0,1.0,0.0,16.1,1.0,0.0,1.0,0.0,1.0
757,1.0,28.0,1.0,0.0,16.1,0.0,0.0,1.0,0.0,1.0
758,1.0,36.5,1.0,0.0,17.4,1.0,0.0,1.0,0.0,1.0
759,1.0,36.0,1.0,0.0,17.4,0.0,0.0,1.0,0.0,1.0
760,1.0,30.0,0.0,0.0,9.5,1.0,0.0,1.0,0.0,1.0
761,0.0,16.0,0.0,0.0,9.5,1.0,0.0,1.0,0.0,1.0
762,1.0,1.0,1.0,2.0,20.575,1.0,0.0,1.0,0.0,1.0
763,1.0,0.1667,1.0,2.0,20.575,0.0,0.0,1.0,0.0,1.0
764,0.0,26.0,1.0,2.0,20.575,1.0,0.0,1.0,0.0,1.0
765,1.0,33.0,1.0,2.0,20.575,0.0,0.0,1.0,0.0,1.0
766,0.0,25.0,0.0,0.0,7.8958,1.0,0.0,1.0,0.0,1.0
767,0.0,28.0,0.0,0.0,7.8958,1.0,0.0,1.0,0.0,1.0
768,0.0,28.0,0.0,0.0,7.8958,1.0,0.0,1.0,0.0,1.0
769,0.0,22.0,0.0,0.0,7.25,1.0,0.0,1.0,0.0,1.0
770,0.0,36.0,0.0,0.0,7.25,1.0,0.0,1.0,0.0,1.0
771,1.0,19.0,0.0,0.0,7.8792,0.0,1.0,0.0,0.0,1.0
772,0.0,17.0,0.0,0.0,7.8958,1.0,0.0,1.0,0.0,1.0
773,0.0,42.0,0.0,0.0,8.6625,1.0,0.0,1.0,0.0,1.0
774,0.0,43.0,0.0,0.0,7.8958,1.0,0.0,1.0,0.0,1.0
775,0.0,28.0,0.0,0.0,7.2292,1.0,0.0,0.0,0.0,1.0
776,0.0,32.0,0.0,0.0,7.75,1.0,1.0,0.0,0.0,1.0
777,1.0,19.0,0.0,0.0,8.05,1.0,0.0,1.0,0.0,1.0
778,1.0,30.0,0.0,0.0,12.475,0.0,0.0,1.0,0.0,1.0
779,0.0,24.0,0.0,0.0,7.75,0.0,1.0,0.0,0.0,1.0
780,1.0,23.0,0.0,0.0,8.05,0.0,0.0,1.0,0.0,1.0
781,0.0,33.0,0.0,0.0,7.8958,1.0,0.0,0.0,0.0,1.0
782,0.0,65.0,0.0,0.0,7.75,1.0,1.0,0.0,0.0,1.0
783,1.0,24.0,0.0,0.0,7.55,1.0,0.0,1.0,0.0,1.0
784,0.0,23.0,1.0,0.0,13.9,1.0,0.0,1.0,0.0,1.0
785,1.0,22.0,1.0,0.0,13.9,0.0,0.0,1.0,0.0,1.0
786,0.0,18.0,0.0,0.0,7.775,1.0,0.0,1.0,0.0,1.0
787,0.0,16.0,0.0,0.0,7.775,1.0,0.0,1.0,0.0,1.0
788,0.0,45.0,0.0,0.0,6.975,1.0,0.0,1.0,0.0,1.0
789,0.0,28.0,0.0,0.0,7.225,1.0,0.0,0.0,0.0,1.0
790,0.0,39.0,0.0,2.0,7.2292,1.0,0.0,0.0,0.0,1.0
791,0.0,17.0,1.0,1.0,7.2292,1.0,0.0,0.0,0.0,1.0
792,0.0,15.0,1.0,1.0,7.2292,1.0,0.0,0.0,0.0,1.0
793,0.0,47.0,0.0,0.0,7.25,1.0,0.0,1.0,0.0,1.0
794,1.0,5.0,0.0,0.0,12.475,0.0,0.0,1.0,0.0,1.0
795,0.0,28.0,0.0,0.0,7.225,1.0,0.0,0.0,0.0,1.0
796,0.0,40.5,0.0,0.0,15.1,1.0,0.0,1.0,0.0,1.0
797,0.0,40.5,0.0,0.0,7.75,1.0,1.0,0.0,0.0,1.0
798,1.0,28.0,0.0,0.0,7.05,1.0,0.0,1.0,0.0,1.0
799,0.0,18.0,0.0,0.0,7.7958,1.0,0.0,1.0,0.0,1.0
800,0.0,28.0,0.0,0.0,7.75,0.0,1.0,0.0,0.0,1.0
801,0.0,28.0,0.0,0.0,7.75,1.0,1.0,0.0,0.0,1.0
802,0.0,28.0,0.0,0.0,6.95,1.0,1.0,0.0,0.0,1.0
803,0.0,26.0,0.0,0.0,7.8792,1.0,1.0,0.0,0.0,1.0
804,0.0,28.0,0.0,0.0,7.75,1.0,1.0,0.0,0.0,1.0
805,1.0,28.0,0.0,0.0,56.4958,1.0,0.0,1.0,0.0,1.0
806,0.0,21.0,2.0,2.0,34.375,0.0,0.0,1.0,0.0,1.0
807,0.0,9.0,2.0,2.0,34.375,0.0,0.0,1.0,0.0,1.0
808,0.0,28.0,0.0,0.0,8.05,1.0,0.0,1.0,0.0,1.0
809,0.0,18.0,2.0,2.0,34.375,1.0,0.0,1.0,0.0,1.0
810,0.0,16.0,1.0,3.0,34.375,1.0,0.0,1.0,0.0,1.0
811,0.0,48.0,1.0,3.0,34.375,0.0,0.0,1.0,0.0,1.0
812,0.0,28.0,0.0,0.0,7.75,1.0,1.0,0.0,0.0,1.0
813,0.0,28.0,0.0,0.0,7.25,1.0,0.0,1.0,0.0,1.0
814,0.0,25.0,0.0,0.0,7.7417,1.0,1.0,0.0,0.0,1.0
815,0.0,28.0,0.0,0.0,14.5,1.0,0.0,1.0,0.0,1.0
816,0.0,28.0,0.0,0.0,7.8958,1.0,0.0,0.0,0.0,1.0
817,0.0,22.0,0.0,0.0,8.05,1.0,0.0,1.0,0.0,1.0
818,1.0,16.0,0.0,0.0,7.7333,0.0,1.0,0.0,0.0,1.0
819,1.0,28.0,0.0,0.0,7.75,0.0,1.0,0.0,0.0,1.0
820,1.0,9.0,0.0,2.0,20.525,1.0,0.0,1.0,0.0,1.0
821,0.0,33.0,1.0,1.0,20.525,1.0,0.0,1.0,0.0,1.0
822,0.0,41.0,0.0,0.0,7.85,1.0,0.0,1.0,0.0,1.0
823,1.0,31.0,1.0,1.0,20.525,0.0,0.0,1.0,0.0,1.0
824,0.0,38.0,0.0,0.0,7.05,1.0,0.0,1.0,0.0,1.0
825,0.0,9.0,5.0,2.0,46.9,1.0,0.0,1.0,0.0,1.0
826,0.0,1.0,5.0,2.0,46.9,1.0,0.0,1.0,0.0,1.0
827,0.0,11.0,5.0,2.0,46.9,1.0,0.0,1.0,0.0,1.0
828,0.0,10.0,5.0,2.0,46.9,0.0,0.0,1.0,0.0,1.0
829,0.0,16.0,5.0,2.0,46.9,0.0,0.0,1.0,0.0,1.0
830,0.0,14.0,5.0,2.0,46.9,1.0,0.0,1.0,0.0,1.0
831,0.0,40.0,1.0,6.0,46.9,1.0,0.0,1.0,0.0,1.0
832,0.0,43.0,1.0,6.0,46.9,0.0,0.0,1.0,0.0,1.0
833,0.0,51.0,0.0,0.0,8.05,1.0,0.0,1.0,0.0,1.0
834,0.0,32.0,0.0,0.0,8.3625,1.0,0.0,1.0,0.0,1.0
835,0.0,28.0,0.0,0.0,8.05,1.0,0.0,1.0,0.0,1.0
836,0.0,20.0,0.0,0.0,9.8458,1.0,0.0,1.0,0.0,1.0
837,0.0,37.0,2.0,0.0,7.925,1.0,0.0,1.0,0.0,1.0
838,0.0,28.0,2.0,0.0,7.925,1.0,0.0,1.0,0.0,1.0
839,0.0,19.0,0.0,0.0,7.775,1.0,0.0,1.0,0.0,1.0
840,0.0,24.0,0.0,0.0,8.85,0.0,0.0,1.0,0.0,1.0
841,0.0,17.0,0.0,0.0,7.7333,0.0,1.0,0.0,0.0,1.0
842,0.0,28.0,1.0,0.0,19.9667,1.0,0.0,1.0,0.0,1.0
843,0.0,28.0,1.0,0.0,19.9667,1.0,0.0,1.0,0.0,1.0
844,0.0,28.0,1.0,0.0,15.85,1.0,0.0,1.0,0.0,1.0
845,1.0,24.0,1.0,0.0,15.85,0.0,0.0,1.0,0.0,1.0
846,0.0,20.0,0.0,0.0,9.5,1.0,0.0,1.0,0.0,1.0
847,0.0,23.5,0.0,0.0,7.2292,1.0,0.0,0.0,0.0,1.0
848,0.0,41.0,2.0,0.0,14.1083,1.0,0.0,1.0,0.0,1.0
849,0.0,26.0,1.0,0.0,7.8542,1.0,0.0,1.0,0.0,1.0
850,0.0,21.0,0.0,0.0,7.8542,1.0,0.0,1.0,0.0,1.0
851,1.0,45.0,1.0,0.0,14.1083,0.0,0.0,1.0,0.0,1.0
852,0.0,28.0,0.0,0.0,7.55,0.0,0.0,1.0,0.0,1.0
853,0.0,25.0,0.0,0.0,7.25,1.0,0.0,1.0,0.0,1.0
854,0.0,28.0,0.0,0.0,6.8583,1.0,1.0,0.0,0.0,1.0
855,0.0,11.0,0.0,0.0,18.7875,1.0,0.0,0.0,0.0,1.0
856,1.0,28.0,0.0,0.0,7.75,0.0,1.0,0.0,0.0,1.0
857,1.0,27.0,0.0,0.0,6.975,1.0,0.0,1.0,0.0,1.0
858,1.0,28.0,0.0,0.0,56.4958,1.0,0.0,1.0,0.0,1.0
859,0.0,18.0,0.0,0.0,6.75,0.0,1.0,0.0,0.0,1.0
860,1.0,26.0,0.0,0.0,7.925,0.0,0.0,1.0,0.0,1.0
861,0.0,23.0,0.0,0.0,7.925,0.0,0.0,1.0,0.0,1.0
862,1.0,22.0,0.0,0.0,8.9625,0.0,0.0,1.0,0.0,1.0
863,0.0,28.0,0.0,0.0,7.8958,1.0,0.0,1.0,0.0,1.0
864,0.0,28.0,0.0,0.0,7.775,0.0,0.0,1.0,0.0,1.0
865,0.0,28.0,0.0,0.0,7.75,0.0,1.0,0.0,0.0,1.0
866,1.0,2.0,0.0,1.0,12.2875,0.0,0.0,1.0,0.0,1.0
867,1.0,22.0,1.0,1.0,12.2875,0.0,0.0,1.0,0.0,1.0
868,0.0,43.0,0.0,0.0,6.45,1.0,0.0,1.0,0.0,1.0
869,0.0,28.0,0.0,0.0,22.525,1.0,0.0,1.0,0.0,1.0
870,1.0,27.0,0.0,0.0,7.925,0.0,0.0,1.0,0.0,1.0
871,0.0,28.0,0.0,0.0,7.75,1.0,1.0,0.0,0.0,1.0
872,1.0,28.0,0.0,0.0,8.05,0.0,0.0,1.0,0.0,1.0
873,0.0,42.0,0.0,0.0,7.65,1.0,0.0,1.0,0.0,1.0
874,1.0,28.0,0.0,0.0,7.8875,1.0,0.0,1.0,0.0,1.0
875,0.0,30.0,0.0,0.0,7.2292,1.0,0.0,0.0,0.0,1.0
876,0.0,28.0,0.0,0.0,7.8958,1.0,0.0,1.0,0.0,1.0
877,0.0,27.0,1.0,0.0,7.925,0.0,0.0,1.0,0.0,1.0
878,0.0,25.0,1.0,0.0,7.925,0.0,0.0,1.0,0.0,1.0
879,0.0,28.0,0.0,0.0,7.8958,1.0,0.0,1.0,0.0,1.0
880,1.0,29.0,0.0,0.0,7.8958,1.0,0.0,0.0,0.0,1.0
881,1.0,21.0,0.0,0.0,7.7958,1.0,0.0,1.0,0.0,1.0
882,0.0,28.0,0.0,0.0,7.05,1.0,0.0,1.0,0.0,1.0
883,0.0,20.0,0.0,0.0,7.8542,1.0,0.0,1.0,0.0,1.0
884,0.0,48.0,0.0,0.0,7.8542,1.0,0.0,1.0,0.0,1.0
885,0.0,17.0,1.0,0.0,7.0542,1.0,0.0,1.0,0.0,1.0
886,1.0,28.0,0.0,0.0,7.75,0.0,1.0,0.0,0.0,1.0
887,1.0,28.0,0.0,0.0,8.1125,1.0,0.0,1.0,0.0,1.0
888,0.0,34.0,0.0,0.0,6.4958,1.0,0.0,1.0,0.0,1.0
889,1.0,26.0,0.0,0.0,7.775,1.0,0.0,1.0,0.0,1.0
890,0.0,22.0,0.0,0.0,7.7958,1.0,0.0,1.0,0.0,1.0
891,0.0,33.0,0.0,0.0,8.6542,1.0,0.0,1.0,0.0,1.0
892,0.0,31.0,0.0,0.0,7.775,1.0,0.0,1.0,0.0,1.0
893,0.0,29.0,0.0,0.0,7.8542,1.0,0.0,1.0,0.0,1.0
894,1.0,4.0,1.0,1.0,11.1333,1.0,0.0,1.0,0.0,1.0
895,1.0,1.0,1.0,1.0,11.1333,0.0,0.0,1.0,0.0,1.0
896,0.0,49.0,0.0,0.0,0.0,1.0,0.0,1.0,0.0,1.0
897,0.0,33.0,0.0,0.0,7.775,1.0,0.0,1.0,0.0,1.0
898,0.0,19.0,0.0,0.0,0.0,1.0,0.0,1.0,0.0,1.0
899,1.0,27.0,0.0,2.0,11.1333,0.0,0.0,1.0,0.0,1.0
900,0.0,28.0,1.0,2.0,23.45,1.0,0.0,1.0,0.0,1.0
901,0.0,28.0,1.0,2.0,23.45,0.0,0.0,1.0,0.0,1.0
902,0.0,28.0,1.0,2.0,23.45,1.0,0.0,1.0,0.0,1.0
903,0.0,28.0,1.0,2.0,23.45,0.0,0.0,1.0,0.0,1.0
904,0.0,23.0,0.0,0.0,7.8958,1.0,0.0,1.0,0.0,1.0
905,1.0,32.0,0.0,0.0,7.8542,1.0,0.0,1.0,0.0,1.0
906,0.0,27.0,0.0,0.0,7.8542,1.0,0.0,1.0,0.0,1.0
907,0.0,20.0,1.0,0.0,9.825,0.0,0.0,1.0,0.0,1.0
908,0.0,21.0,1.0,0.0,9.825,0.0,0.0,1.0,0.0,1.0
909,1.0,32.0,0.0,0.0,7.925,1.0,0.0,1.0,0.0,1.0
910,0.0,17.0,0.0,0.0,7.125,1.0,0.0,1.0,0.0,1.0
911,0.0,21.0,0.0,0.0,8.4333,1.0,0.0,1.0,0.0,1.0
912,0.0,30.0,0.0,0.0,7.8958,1.0,0.0,1.0,0.0,1.0
913,1.0,21.0,0.0,0.0,7.7958,1.0,0.0,1.0,0.0,1.0
914,0.0,33.0,0.0,0.0,7.8542,1.0,0.0,1.0,0.0,1.0
915,0.0,22.0,0.0,0.0,7.5208,1.0,0.0,1.0,0.0,1.0
916,1.0,4.0,0.0,1.0,13.4167,0.0,0.0,0.0,0.0,1.0
917,1.0,39.0,0.0,1.0,13.4167,1.0,0.0,0.0,0.0,1.0
918,0.0,28.0,0.0,0.0,7.2292,1.0,0.0,0.0,0.0,1.0
919,0.0,18.5,0.0,0.0,7.2292,1.0,0.0,0.0,0.0,1.0
920,0.0,28.0,0.0,0.0,7.75,1.0,1.0,0.0,0.0,1.0
921,0.0,28.0,0.0,0.0,7.25,1.0,0.0,1.0,0.0,1.0
922,1.0,28.0,0.0,0.0,7.75,0.0,1.0,0.0,0.0,1.0
923,1.0,28.0,0.0,0.0,7.75,0.0,1.0,0.0,0.0,1.0
924,0.0,34.5,0.0,0.0,7.8292,1.0,1.0,0.0,0.0,1.0
925,0.0,44.0,0.0,0.0,8.05,1.0,0.0,1.0,0.0,1.0
926,1.0,28.0,0.0,0.0,7.75,1.0,1.0,0.0,0.0,1.0
927,0.0,28.0,1.0,0.0,14.4542,1.0,0.0,0.0,0.0,1.0
928,0.0,28.0,1.0,0.0,14.4542,0.0,0.0,0.0,0.0,1.0
929,0.0,28.0,1.0,0.0,7.75,1.0,1.0,0.0,0.0,1.0
930,0.0,28.0,1.0,0.0,7.75,1.0,1.0,0.0,0.0,1.0
931,0.0,28.0,0.0,0.0,7.7375,1.0,1.0,0.0,0.0,1.0
932,0.0,22.0,2.0,0.0,8.6625,0.0,0.0,1.0,0.0,1.0
933,0.0,26.0,2.0,0.0,8.6625,1.0,0.0,1.0,0.0,1.0
934,1.0,4.0,0.0,2.0,22.025,0.0,0.0,1.0,0.0,1.0
935,1.0,29.0,3.0,1.0,22.025,1.0,0.0,1.0,0.0,1.0
936,1.0,26.0,1.0,1.0,22.025,0.0,0.0,1.0,0.0,1.0
937,0.0,1.0,1.0,1.0,12.1833,0.0,0.0,1.0,0.0,1.0
938,0.0,18.0,1.0,1.0,7.8542,1.0,0.0,1.0,0.0,1.0
939,0.0,36.0,0.0,2.0,12.1833,0.0,0.0,1.0,0.0,1.0
940,0.0,28.0,0.0,0.0,7.8958,1.0,0.0,0.0,0.0,1.0
941,1.0,25.0,0.0,0.0,7.2292,1.0,0.0,0.0,0.0,1.0
942,0.0,28.0,0.0,0.0,7.225,1.0,0.0,0.0,0.0,1.0
943,0.0,37.0,0.0,0.0,9.5875,0.0,0.0,1.0,0.0,1.0
944,0.0,28.0,0.0,0.0,7.8958,1.0,0.0,1.0,0.0,1.0
945,1.0,28.0,0.0,0.0,56.4958,1.0,0.0,1.0,0.0,1.0
946,0.0,28.0,0.0,0.0,56.4958,1.0,0.0,1.0,0.0,1.0
947,1.0,22.0,0.0,0.0,7.25,0.0,0.0,1.0,0.0,1.0
948,0.0,28.0,0.0,0.0,7.75,1.0,1.0,0.0,0.0,1.0
949,1.0,26.0,0.0,0.0,56.4958,1.0,0.0,1.0,0.0,1.0
950,0.0,29.0,0.0,0.0,9.4833,1.0,0.0,1.0,0.0,1.0
951,0.0,29.0,0.0,0.0,7.775,1.0,0.0,1.0,0.0,1.0
952,0.0,22.0,0.0,0.0,7.775,1.0,0.0,1.0,0.0,1.0
953,1.0,22.0,0.0,0.0,7.225,1.0,0.0,0.0,0.0,1.0
954,0.0,28.0,3.0,1.0,25.4667,1.0,0.0,1.0,0.0,1.0
955,0.0,28.0,3.0,1.0,25.4667,0.0,0.0,1.0,0.0,1.0
956,0.0,28.0,3.0,1.0,25.4667,0.0,0.0,1.0,0.0,1.0
957,0.0,28.0,3.0,1.0,25.4667,0.0,0.0,1.0,0.0,1.0
958,0.0,28.0,0.0,4.0,25.4667,0.0,0.0,1.0,0.0,1.0
959,0.0,32.0,0.0,0.0,7.925,1.0,0.0,1.0,0.0,1.0
960,0.0,34.5,0.0,0.0,6.4375,1.0,0.0,0.0,0.0,1.0
961,0.0,28.0,1.0,0.0,15.5,0.0,1.0,0.0,0.0,1.0
962,0.0,28.0,1.0,0.0,15.5,1.0,1.0,0.0,0.0,1.0
963,0.0,36.0,0.0,0.0,0.0,1.0,0.0,1.0,0.0,1.0
964,0.0,39.0,0.0,0.0,24.15,1.0,0.0,1.0,0.0,1.0
965,0.0,24.0,0.0,0.0,9.5,1.0,0.0,1.0,0.0,1.0
966,0.0,25.0,0.0,0.0,7.775,0.0,0.0,1.0,0.0,1.0
967,0.0,45.0,0.0,0.0,7.75,0.0,0.0,1.0,0.0,1.0
968,0.0,36.0,1.0,0.0,15.55,1.0,0.0,1.0,0.0,1.0
969,0.0,30.0,1.0,0.0,15.55,0.0,0.0,1.0,0.0,1.0
970,1.0,20.0,1.0,0.0,7.925,1.0,0.0,1.0,0.0,1.0
971,0.0,28.0,0.0,0.0,7.8792,1.0,1.0,0.0,0.0,1.0
972,0.0,28.0,0.0,0.0,56.4958,1.0,0.0,1.0,0.0,1.0
973,0.0,28.0,0.0,0.0,7.55,1.0,0.0,1.0,0.0,1.0
974,0.0,30.0,1.0,0.0,16.1,1.0,0.0,1.0,0.0,1.0
975,0.0,26.0,1.0,0.0,16.1,0.0,0.0,1.0,0.0,1.0
976,0.0,28.0,0.0,0.0,7.8792,1.0,0.0,1.0,0.0,1.0
977,0.0,20.5,0.0,0.0,7.25,1.0,0.0,1.0,0.0,1.0
978,1.0,27.0,0.0,0.0,8.6625,1.0,0.0,1.0,0.0,1.0
979,0.0,51.0,0.0,0.0,7.0542,1.0,0.0,1.0,0.0,1.0
980,1.0,23.0,0.0,0.0,7.8542,0.0,0.0,1.0,0.0,1.0
981,1.0,32.0,0.0,0.0,7.5792,1.0,0.0,1.0,0.0,1.0
982,0.0,28.0,0.0,0.0,7.8958,1.0,0.0,1.0,0.0,1.0
983,0.0,28.0,0.0,0.0,7.55,1.0,0.0,1.0,0.0,1.0
984,1.0,28.0,0.0,0.0,7.75,0.0,1.0,0.0,0.0,1.0
985,1.0,24.0,0.0,0.0,7.1417,1.0,0.0,1.0,0.0,1.0
986,0.0,22.0,0.0,0.0,7.125,1.0,0.0,1.0,0.0,1.0
987,0.0,28.0,0.0,0.0,7.8792,0.0,1.0,0.0,0.0,1.0
988,0.0,28.0,0.0,0.0,7.75,1.0,1.0,0.0,0.0,1.0
989,0.0,28.0,0.0,0.0,8.05,1.0,0.0,1.0,0.0,1.0
990,0.0,29.0,0.0,0.0,7.925,1.0,0.0,1.0,0.0,1.0
991,1.0,28.0,0.0,0.0,7.2292,1.0,0.0,0.0,0.0,1.0
992,0.0,30.5,0.0,0.0,7.75,0.0,1.0,0.0,0.0,1.0
993,1.0,28.0,0.0,0.0,7.7375,0.0,1.0,0.0,0.0,1.0
994,0.0,28.0,0.0,0.0,7.2292,1.0,0.0,0.0,0.0,1.0
995,0.0,35.0,0.0,0.0,7.8958,1.0,0.0,0.0,0.0,1.0
996,0.0,33.0,0.0,0.0,7.8958,1.0,0.0,1.0,0.0,1.0
997,1.0,28.0,0.0,0.0,7.225,0.0,0.0,0.0,0.0,1.0
998,0.0,28.0,0.0,0.0,7.8958,1.0,0.0,0.0,0.0,1.0
999,1.0,28.0,0.0,0.0,7.75,0.0,1.0,0.0,0.0,1.0
1000,1.0,28.0,0.0,0.0,7.75,1.0,1.0,0.0,0.0,1.0
1001,1.0,28.0,2.0,0.0,23.25,0.0,1.0,0.0,0.0,1.0
1002,1.0,28.0,2.0,0.0,23.25,0.0,1.0,0.0,0.0,1.0
1003,1.0,28.0,2.0,0.0,23.25,1.0,1.0,0.0,0.0,1.0
1004,1.0,28.0,0.0,0.0,7.7875,0.0,1.0,0.0,0.0,1.0
1005,0.0,28.0,0.0,0.0,15.5,1.0,1.0,0.0,0.0,1.0
1006,1.0,28.0,0.0,0.0,7.8792,0.0,1.0,0.0,0.0,1.0
1007,1.0,15.0,0.0,0.0,8.0292,0.0,1.0,0.0,0.0,1.0
1008,0.0,35.0,0.0,0.0,7.75,0.0,1.0,0.0,0.0,1.0
1009,0.0,28.0,0.0,0.0,7.75,1.0,1.0,0.0,0.0,1.0
1010,0.0,24.0,1.0,0.0,16.1,1.0,0.0,1.0,0.0,1.0
1011,0.0,19.0,1.0,0.0,16.1,0.0,0.0,1.0,0.0,1.0
1012,0.0,28.0,0.0,0.0,7.75,0.0,1.0,0.0,0.0,1.0
1013,0.0,28.0,0.0,0.0,8.05,0.0,0.0,1.0,0.0,1.0
1014,0.0,28.0,0.0,0.0,8.05,0.0,0.0,1.0,0.0,1.0
1015,0.0,55.5,0.0,0.0,8.05,1.0,0.0,1.0,0.0,1.0
1016,0.0,28.0,0.0,0.0,7.75,1.0,1.0,0.0,0.0,1.0
1017,1.0,21.0,0.0,0.0,7.775,1.0,0.0,1.0,0.0,1.0
1018,0.0,28.0,0.0,0.0,8.05,1.0,0.0,1.0,0.0,1.0
1019,0.0,24.0,0.0,0.0,7.8958,1.0,0.0,1.0,0.0,1.0
1020,0.0,21.0,0.0,0.0,7.8958,1.0,0.0,1.0,0.0,1.0
1021,0.0,28.0,0.0,0.0,7.8958,1.0,0.0,1.0,0.0,1.0
1022,0.0,28.0,0.0,0.0,7.8958,1.0,0.0,1.0,0.0,1.0
1023,1.0,28.0,0.0,0.0,7.8792,0.0,1.0,0.0,0.0,1.0
1024,0.0,25.0,0.0,0.0,7.65,1.0,0.0,1.0,0.0,1.0
1025,1.0,6.0,0.0,1.0,12.475,1.0,0.0,1.0,0.0,1.0
1026,1.0,27.0,0.0,1.0,12.475,0.0,0.0,1.0,0.0,1.0
1027,0.0,28.0,0.0,0.0,8.05,1.0,0.0,1.0,0.0,1.0
1028,1.0,28.0,1.0,0.0,24.15,0.0,1.0,0.0,0.0,1.0
1029,0.0,28.0,1.0,0.0,24.15,1.0,1.0,0.0,0.0,1.0
1030,0.0,28.0,0.0,0.0,8.4583,1.0,1.0,0.0,0.0,1.0
1031,0.0,34.0,0.0,0.0,8.05,1.0,0.0,1.0,0.0,1.0
1032,0.0,28.0,0.0,0.0,7.75,1.0,1.0,0.0,0.0,1.0
1033,1.0,28.0,0.0,0.0,7.775,1.0,0.0,1.0,0.0,1.0
1034,1.0,28.0,1.0,1.0,15.2458,1.0,0.0,0.0,0.0,1.0
1035,1.0,28.0,1.0,1.0,15.2458,1.0,0.0,0.0,0.0,1.0
1036,1.0,28.0,0.0,2.0,15.2458,0.0,0.0,0.0,0.0,1.0
1037,1.0,28.0,0.0,0.0,7.2292,0.0,0.0,0.0,0.0,1.0
1038,0.0,28.0,0.0,0.0,8.05,1.0,0.0,1.0,0.0,1.0
1039,1.0,28.0,0.0,0.0,7.7333,0.0,1.0,0.0,0.0,1.0
1040,1.0,24.0,0.0,0.0,7.75,0.0,1.0,0.0,0.0,1.0
1041,0.0,28.0,0.0,0.0,8.05,1.0,0.0,1.0,0.0,1.0
1042,1.0,28.0,1.0,0.0,15.5,0.0,1.0,0.0,0.0,1.0
1043,1.0,28.0,1.0,0.0,15.5,0.0,1.0,0.0,0.0,1.0
1044,1.0,28.0,0.0,0.0,15.5,0.0,1.0,0.0,0.0,1.0
1045,0.0,18.0,0.0,0.0,7.75,1.0,0.0,1.0,0.0,1.0
1046,0.0,22.0,0.0,0.0,7.8958,1.0,0.0,1.0,0.0,1.0
1047,1.0,15.0,0.0,0.0,7.225,0.0,0.0,0.0,0.0,1.0
1048,1.0,1.0,0.0,2.0,15.7417,0.0,0.0,0.0,0.0,1.0
1049,1.0,20.0,1.0,1.0,15.7417,1.0,0.0,0.0,0.0,1.0
1050,1.0,19.0,1.0,1.0,15.7417,0.0,0.0,0.0,0.0,1.0
1051,0.0,33.0,0.0,0.0,8.05,1.0,0.0,1.0,0.0,1.0
1052,0.0,28.0,0.0,0.0,7.8958,1.0,0.0,1.0,0.0,1.0
1053,0.0,28.0,0.0,0.0,7.2292,1.0,0.0,0.0,0.0,1.0
1054,0.0,28.0,0.0,0.0,7.75,0.0,1.0,0.0,0.0,1.0
1055,0.0,28.0,0.0,0.0,7.8958,1.0,0.0,1.0,0.0,1.0
1056,1.0,12.0,1.0,0.0,11.2417,1.0,0.0,0.0,0.0,1.0
1057,1.0,14.0,1.0,0.0,11.2417,0.0,0.0,0.0,0.0,1.0
1058,0.0,29.0,0.0,0.0,7.925,0.0,0.0,1.0,0.0,1.0
1059,0.0,28.0,0.0,0.0,8.05,1.0,0.0,1.0,0.0,1.0
1060,1.0,18.0,0.0,0.0,7.775,0.0,0.0,1.0,0.0,1.0
1061,1.0,26.0,0.0,0.0,7.8542,0.0,0.0,1.0,0.0,1.0
1062,0.0,21.0,0.0,0.0,7.8542,1.0,0.0,1.0,0.0,1.0
1063,0.0,41.0,0.0,0.0,7.125,1.0,0.0,1.0,0.0,1.0
1064,1.0,39.0,0.0,0.0,7.925,1.0,0.0,1.0,0.0,1.0
1065,0.0,21.0,0.0,0.0,7.8,1.0,0.0,1.0,0.0,1.0
1066,0.0,28.5,0.0,0.0,7.2292,1.0,0.0,0.0,0.0,1.0
1067,1.0,22.0,0.0,0.0,7.75,0.0,0.0,1.0,0.0,1.0
1068,0.0,61.0,0.0,0.0,6.2375,1.0,0.0,1.0,0.0,1.0
1069,0.0,28.0,1.0,0.0,15.5,1.0,1.0,0.0,0.0,1.0
1070,0.0,28.0,0.0,0.0,7.8292,1.0,1.0,0.0,0.0,1.0
1071,1.0,28.0,1.0,0.0,15.5,0.0,1.0,0.0,0.0,1.0
1072,0.0,28.0,0.0,0.0,7.7333,1.0,1.0,0.0,0.0,1.0
1073,0.0,28.0,0.0,0.0,7.75,1.0,1.0,0.0,0.0,1.0
1074,0.0,28.0,0.0,0.0,7.75,1.0,1.0,0.0,0.0,1.0
1075,0.0,23.0,0.0,0.0,9.225,1.0,0.0,1.0,0.0,1.0
1076,0.0,28.0,0.0,0.0,7.75,0.0,1.0,0.0,0.0,1.0
1077,1.0,28.0,0.0,0.0,7.75,0.0,1.0,0.0,0.0,1.0
1078,1.0,28.0,0.0,0.0,7.8792,0.0,1.0,0.0,0.0,1.0
1079,1.0,22.0,0.0,0.0,7.775,0.0,0.0,1.0,0.0,1.0
1080,1.0,28.0,0.0,0.0,7.75,1.0,1.0,0.0,0.0,1.0
1081,1.0,28.0,0.0,0.0,7.8292,0.0,1.0,0.0,0.0,1.0
1082,1.0,9.0,0.0,1.0,3.1708,1.0,0.0,1.0,0.0,1.0
1083,0.0,28.0,0.0,0.0,22.525,1.0,0.0,1.0,0.0,1.0
1084,0.0,42.0,0.0,1.0,8.4042,1.0,0.0,1.0,0.0,1.0
1085,0.0,28.0,0.0,0.0,7.3125,1.0,0.0,1.0,0.0,1.0
1086,0.0,31.0,0.0,0.0,7.8542,0.0,0.0,1.0,0.0,1.0
1087,0.0,28.0,0.0,0.0,7.8542,1.0,0.0,1.0,0.0,1.0
1088,1.0,32.0,0.0,0.0,7.775,1.0,0.0,1.0,0.0,1.0
1089,0.0,20.0,0.0,0.0,9.225,1.0,0.0,1.0,0.0,1.0
1090,0.0,23.0,0.0,0.0,8.6625,0.0,0.0,1.0,0.0,1.0
1091,0.0,20.0,0.0,0.0,8.6625,0.0,0.0,1.0,0.0,1.0
1092,0.0,20.0,0.0,0.0,8.6625,1.0,0.0,1.0,0.0,1.0
1093,0.0,16.0,0.0,0.0,9.2167,1.0,0.0,1.0,0.0,1.0
1094,1.0,31.0,0.0,0.0,8.6833,0.0,0.0,1.0,0.0,1.0
1095,0.0,28.0,0.0,0.0,7.6292,0.0,1.0,0.0,0.0,1.0
1096,0.0,2.0,3.0,1.0,21.075,1.0,0.0,1.0,0.0,1.0
1097,0.0,6.0,3.0,1.0,21.075,1.0,0.0,1.0,0.0,1.0
1098,0.0,3.0,3.0,1.0,21.075,0.0,0.0,1.0,0.0,1.0
1099,0.0,8.0,3.0,1.0,21.075,0.0,0.0,1.0,0.0,1.0
1100,0.0,29.0,0.0,4.0,21.075,0.0,0.0,1.0,0.0,1.0
1101,0.0,1.0,4.0,1.0,39.6875,1.0,0.0,1.0,0.0,1.0
1102,0.0,7.0,4.0,1.0,39.6875,1.0,0.0,1.0,0.0,1.0
1103,0.0,2.0,4.0,1.0,39.6875,1.0,0.0,1.0,0.0,1.0
1104,0.0,16.0,4.0,1.0,39.6875,1.0,0.0,1.0,0.0,1.0
1105,0.0,14.0,4.0,1.0,39.6875,1.0,0.0,1.0,0.0,1.0
1106,0.0,41.0,0.0,5.0,39.6875,0.0,0.0,1.0,0.0,1.0
1107,0.0,21.0,0.0,0.0,8.6625,1.0,0.0,1.0,0.0,1.0
1108,0.0,19.0,0.0,0.0,14.5,1.0,0.0,1.0,0.0,1.0
1109,0.0,28.0,0.0,0.0,8.7125,1.0,0.0,0.0,0.0,1.0
1110,0.0,32.0,0.0,0.0,7.8958,1.0,0.0,1.0,0.0,1.0
1111,0.0,0.75,1.0,1.0,13.775,1.0,0.0,1.0,0.0,1.0
1112,0.0,3.0,1.0,1.0,13.775,0.0,0.0,1.0,0.0,1.0
1113,0.0,26.0,0.0,2.0,13.775,0.0,0.0,1.0,0.0,1.0
1114,0.0,28.0,0.0,0.0,7.0,1.0,0.0,1.0,0.0,1.0
1115,0.0,28.0,0.0,0.0,7.775,1.0,0.0,1.0,0.0,1.0
1116,0.0,28.0,0.0,0.0,8.05,1.0,0.0,1.0,0.0,1.0
1117,0.0,21.0,0.0,0.0,7.925,1.0,0.0,1.0,0.0,1.0
1118,0.0,25.0,0.0,0.0,7.925,1.0,0.0,1.0,0.0,1.0
1119,0.0,22.0,0.0,0.0,7.25,1.0,0.0,1.0,0.0,1.0
1120,1.0,25.0,1.0,0.0,7.775,1.0,0.0,1.0,0.0,1.0
1121,1.0,28.0,1.0,1.0,22.3583,1.0,0.0,0.0,0.0,1.0
1122,1.0,28.0,1.0,1.0,22.3583,0.0,0.0,0.0,0.0,1.0
1123,1.0,28.0,0.0,2.0,22.3583,0.0,0.0,0.0,0.0,1.0
1124,0.0,28.0,0.0,0.0,8.1375,0.0,1.0,0.0,0.0,1.0
1125,0.0,24.0,0.0,0.0,8.05,1.0,0.0,1.0,0.0,1.0
1126,0.0,28.0,0.0,0.0,7.8958,0.0,0.0,1.0,0.0,1.0
1127,0.0,19.0,0.0,0.0,7.8958,1.0,0.0,1.0,0.0,1.0
1128,0.0,28.0,0.0,0.0,7.8958,1.0,0.0,1.0,0.0,1.0
1129,0.0,25.0,1.0,0.0,7.775,1.0,0.0,1.0,0.0,1.0
1130,0.0,18.0,0.0,0.0,7.775,0.0,0.0,1.0,0.0,1.0
1131,1.0,32.0,0.0,0.0,8.05,1.0,0.0,1.0,0.0,1.0
1132,0.0,28.0,0.0,0.0,7.8958,1.0,0.0,1.0,0.0,1.0
1133,0.0,17.0,0.0,0.0,8.6625,1.0,0.0,1.0,0.0,1.0
1134,0.0,24.0,0.0,0.0,8.6625,1.0,0.0,1.0,0.0,1.0
1135,0.0,28.0,0.0,0.0,7.8958,1.0,0.0,1.0,0.0,1.0
1136,0.0,28.0,0.0,0.0,8.1125,0.0,0.0,1.0,0.0,1.0
1137,0.0,28.0,0.0,0.0,7.2292,1.0,0.0,0.0,0.0,1.0
1138,0.0,28.0,0.0,0.0,7.25,1.0,0.0,1.0,0.0,1.0
1139,0.0,38.0,0.0,0.0,7.8958,1.0,0.0,1.0,0.0,1.0
1140,0.0,21.0,0.0,0.0,8.05,1.0,0.0,1.0,0.0,1.0
1141,0.0,10.0,4.0,1.0,29.125,1.0,1.0,0.0,0.0,1.0
1142,0.0,4.0,4.0,1.0,29.125,1.0,1.0,0.0,0.0,1.0
1143,0.0,7.0,4.0,1.0,29.125,1.0,1.0,0.0,0.0,1.0
1144,0.0,2.0,4.0,1.0,29.125,1.0,1.0,0.0,0.0,1.0
1145,0.0,8.0,4.0,1.0,29.125,1.0,1.0,0.0,0.0,1.0
1146,0.0,39.0,0.0,5.0,29.125,0.0,1.0,0.0,0.0,1.0
1147,0.0,22.0,0.0,0.0,39.6875,0.0,0.0,1.0,0.0,1.0
1148,0.0,35.0,0.0,0.0,7.125,1.0,0.0,1.0,0.0,1.0
1149,1.0,28.0,0.0,0.0,7.7208,0.0,1.0,0.0,0.0,1.0
1150,0.0,28.0,0.0,0.0,14.5,1.0,0.0,1.0,0.0,1.0
1151,0.0,28.0,0.0,0.0,14.5,0.0,0.0,1.0,0.0,1.0
1152,0.0,50.0,1.0,0.0,14.5,1.0,0.0,1.0,0.0,1.0
1153,0.0,47.0,1.0,0.0,14.5,0.0,0.0,1.0,0.0,1.0
1154,0.0,28.0,0.0,0.0,8.05,1.0,0.0,1.0,0.0,1.0
1155,0.0,28.0,0.0,0.0,7.775,1.0,0.0,1.0,0.0,1.0
1156,0.0,2.0,1.0,1.0,20.2125,0.0,0.0,1.0,0.0,1.0
1157,0.0,18.0,1.0,1.0,20.2125,1.0,0.0,1.0,0.0,1.0
1158,0.0,41.0,0.0,2.0,20.2125,0.0,0.0,1.0,0.0,1.0
1159,1.0,28.0,0.0,0.0,8.05,0.0,0.0,1.0,0.0,1.0
1160,0.0,50.0,0.0,0.0,8.05,1.0,0.0,1.0,0.0,1.0
1161,0.0,16.0,0.0,0.0,8.05,1.0,0.0,1.0,0.0,1.0
1162,1.0,28.0,0.0,0.0,7.75,1.0,1.0,0.0,0.0,1.0
1163,0.0,28.0,0.0,0.0,24.15,1.0,1.0,0.0,0.0,1.0
1164,0.0,28.0,0.0,0.0,7.2292,1.0,0.0,0.0,0.0,1.0
1165,0.0,25.0,0.0,0.0,7.225,1.0,0.0,0.0,0.0,1.0
1166,0.0,28.0,0.0,0.0,7.225,1.0,0.0,0.0,0.0,1.0
1167,0.0,28.0,0.0,0.0,7.7292,1.0,1.0,0.0,0.0,1.0
1168,0.0,28.0,0.0,0.0,7.575,1.0,0.0,1.0,0.0,1.0
1169,0.0,38.5,0.0,0.0,7.25,1.0,0.0,1.0,0.0,1.0
1170,0.0,28.0,8.0,2.0,69.55,1.0,0.0,1.0,0.0,1.0
1171,0.0,14.5,8.0,2.0,69.55,1.0,0.0,1.0,0.0,1.0
1172,0.0,28.0,8.0,2.0,69.55,0.0,0.0,1.0,0.0,1.0
1173,0.0,28.0,8.0,2.0,69.55,0.0,0.0,1.0,0.0,1.0
1174,0.0,28.0,8.0,2.0,69.55,0.0,0.0,1.0,0.0,1.0
1175,0.0,28.0,8.0,2.0,69.55,0.0,0.0,1.0,0.0,1.0
1176,0.0,28.0,8.0,2.0,69.55,1.0,0.0,1.0,0.0,1.0
1177,0.0,28.0,8.0,2.0,69.55,1.0,0.0,1.0,0.0,1.0
1178,0.0,28.0,8.0,2.0,69.55,1.0,0.0,1.0,0.0,1.0
1179,0.0,28.0,1.0,9.0,69.55,1.0,0.0,1.0,0.0,1.0
1180,0.0,28.0,1.0,9.0,69.55,0.0,0.0,1.0,0.0,1.0
1181,0.0,24.0,0.0,0.0,9.325,1.0,0.0,1.0,0.0,1.0
1182,1.0,21.0,0.0,0.0,7.65,0.0,0.0,1.0,0.0,1.0
1183,0.0,39.0,0.0,0.0,7.925,1.0,0.0,1.0,0.0,1.0
1184,0.0,28.0,2.0,0.0,21.6792,1.0,0.0,0.0,0.0,1.0
1185,0.0,28.0,2.0,0.0,21.6792,1.0,0.0,0.0,0.0,1.0
1186,0.0,28.0,2.0,0.0,21.6792,1.0,0.0,0.0,0.0,1.0
1187,1.0,1.0,1.0,1.0,16.7,0.0,0.0,1.0,0.0,1.0
1188,1.0,24.0,0.0,2.0,16.7,0.0,0.0,1.0,0.0,1.0
1189,1.0,4.0,1.0,1.0,16.7,0.0,0.0,1.0,0.0,1.0
1190,1.0,25.0,0.0,0.0,9.5,1.0,0.0,1.0,0.0,1.0
1191,0.0,20.0,0.0,0.0,8.05,1.0,0.0,1.0,0.0,1.0
1192,0.0,24.5,0.0,0.0,8.05,1.0,0.0,1.0,0.0,1.0
1193,0.0,28.0,0.0,0.0,7.725,1.0,1.0,0.0,0.0,1.0
1194,0.0,28.0,0.0,0.0,7.8958,1.0,0.0,1.0,0.0,1.0
1195,0.0,28.0,0.0,0.0,7.75,1.0,1.0,0.0,0.0,1.0
1196,1.0,29.0,0.0,0.0,9.5,1.0,0.0,1.0,0.0,1.0
1197,0.0,28.0,0.0,0.0,15.1,1.0,0.0,1.0,0.0,1.0
1198,1.0,28.0,0.0,0.0,7.7792,0.0,1.0,0.0,0.0,1.0
1199,0.0,28.0,0.0,0.0,8.05,1.0,0.0,1.0,0.0,1.0
1200,0.0,28.0,0.0,0.0,8.05,1.0,0.0,1.0,0.0,1.0
1201,0.0,22.0,0.0,0.0,7.2292,1.0,0.0,0.0,0.0,1.0
1202,0.0,28.0,0.0,0.0,8.05,1.0,0.0,1.0,0.0,1.0
1203,0.0,40.0,0.0,0.0,7.8958,1.0,0.0,1.0,0.0,1.0
1204,0.0,21.0,0.0,0.0,7.925,1.0,0.0,1.0,0.0,1.0
1205,1.0,18.0,0.0,0.0,7.4958,0.0,0.0,1.0,0.0,1.0
1206,0.0,4.0,3.0,2.0,27.9,1.0,0.0,1.0,0.0,1.0
1207,0.0,10.0,3.0,2.0,27.9,1.0,0.0,1.0,0.0,1.0
1208,0.0,9.0,3.0,2.0,27.9,0.0,0.0,1.0,0.0,1.0
1209,0.0,2.0,3.0,2.0,27.9,0.0,0.0,1.0,0.0,1.0
1210,0.0,40.0,1.0,4.0,27.9,1.0,0.0,1.0,0.0,1.0
1211,0.0,45.0,1.0,4.0,27.9,0.0,0.0,1.0,0.0,1.0
1212,0.0,28.0,0.0,0.0,7.8958,1.0,0.0,1.0,0.0,1.0
1213,0.0,28.0,0.0,0.0,8.05,1.0,0.0,1.0,0.0,1.0
1214,0.0,28.0,0.0,0.0,8.6625,1.0,0.0,1.0,0.0,1.0
1215,0.0,28.0,0.0,0.0,7.75,1.0,1.0,0.0,0.0,1.0
1216,1.0,28.0,0.0,0.0,7.7333,0.0,1.0,0.0,0.0,1.0
1217,0.0,19.0,0.0,0.0,7.65,1.0,0.0,1.0,0.0,1.0
1218,0.0,30.0,0.0,0.0,8.05,1.0,0.0,1.0,0.0,1.0
1219,0.0,28.0,0.0,0.0,8.05,1.0,0.0,1.0,0.0,1.0
1220,0.0,32.0,0.0,0.0,8.05,1.0,0.0,1.0,0.0,1.0
1221,0.0,28.0,0.0,0.0,7.8958,1.0,0.0,1.0,0.0,1.0
1222,0.0,33.0,0.0,0.0,8.6625,1.0,0.0,0.0,0.0,1.0
1223,1.0,23.0,0.0,0.0,7.55,0.0,0.0,1.0,0.0,1.0
1224,0.0,21.0,0.0,0.0,8.05,1.0,0.0,1.0,0.0,1.0
1225,0.0,60.5,0.0,0.0,14.4542,1.0,0.0,1.0,0.0,1.0
1226,0.0,19.0,0.0,0.0,7.8958,1.0,0.0,1.0,0.0,1.0
1227,0.0,22.0,0.0,0.0,9.8375,0.0,0.0,1.0,0.0,1.0
1228,1.0,31.0,0.0,0.0,7.925,1.0,0.0,1.0,0.0,1.0
1229,0.0,27.0,0.0,0.0,8.6625,1.0,0.0,1.0,0.0,1.0
1230,0.0,2.0,0.0,1.0,10.4625,0.0,0.0,1.0,0.0,1.0
1231,0.0,29.0,1.0,1.0,10.4625,0.0,0.0,1.0,0.0,1.0
1232,1.0,16.0,0.0,0.0,8.05,1.0,0.0,1.0,0.0,1.0
1233,1.0,44.0,0.0,0.0,7.925,1.0,0.0,1.0,0.0,1.0
1234,0.0,25.0,0.0,0.0,7.05,1.0,0.0,1.0,0.0,1.0
1235,0.0,74.0,0.0,0.0,7.775,1.0,0.0,1.0,0.0,1.0
1236,1.0,14.0,0.0,0.0,9.225,1.0,0.0,1.0,0.0,1.0
1237,0.0,24.0,0.0,0.0,7.7958,1.0,0.0,1.0,0.0,1.0
1238,1.0,25.0,0.0,0.0,7.7958,1.0,0.0,1.0,0.0,1.0
1239,0.0,34.0,0.0,0.0,8.05,1.0,0.0,1.0,0.0,1.0
1240,1.0,0.4167,0.0,1.0,8.5167,1.0,0.0,0.0,0.0,1.0
1241,0.0,28.0,1.0,0.0,6.4375,1.0,0.0,0.0,0.0,1.0
1242,0.0,28.0,0.0,0.0,6.4375,1.0,0.0,0.0,0.0,1.0
1243,0.0,28.0,0.0,0.0,7.225,1.0,0.0,0.0,0.0,1.0
1244,1.0,16.0,1.0,1.0,8.5167,0.0,0.0,0.0,0.0,1.0
1245,0.0,28.0,0.0,0.0,8.05,1.0,0.0,1.0,0.0,1.0
1246,0.0,28.0,1.0,0.0,16.1,1.0,0.0,1.0,0.0,1.0
1247,1.0,28.0,1.0,0.0,16.1,0.0,0.0,1.0,0.0,1.0
1248,0.0,32.0,0.0,0.0,7.925,1.0,0.0,1.0,0.0,1.0
1249,0.0,28.0,0.0,0.0,7.75,1.0,1.0,0.0,0.0,1.0
1250,0.0,28.0,0.0,0.0,7.8958,1.0,0.0,1.0,0.0,1.0
1251,0.0,30.5,0.0,0.0,8.05,1.0,0.0,1.0,0.0,1.0
1252,0.0,44.0,0.0,0.0,8.05,1.0,0.0,1.0,0.0,1.0
1253,0.0,28.0,0.0,0.0,7.2292,1.0,0.0,0.0,0.0,1.0
1254,1.0,25.0,0.0,0.0,0.0,1.0,0.0,1.0,0.0,1.0
1255,0.0,28.0,0.0,0.0,7.2292,1.0,0.0,0.0,0.0,1.0
1256,1.0,7.0,1.0,1.0,15.2458,1.0,0.0,0.0,0.0,1.0
1257,1.0,9.0,1.0,1.0,15.2458,0.0,0.0,0.0,0.0,1.0
1258,1.0,29.0,0.0,2.0,15.2458,0.0,0.0,0.0,0.0,1.0
1259,0.0,36.0,0.0,0.0,7.8958,1.0,0.0,1.0,0.0,1.0
1260,1.0,18.0,0.0,0.0,9.8417,0.0,0.0,1.0,0.0,1.0
1261,1.0,63.0,0.0,0.0,9.5875,0.0,0.0,1.0,0.0,1.0
1262,0.0,28.0,1.0,1.0,14.5,1.0,0.0,1.0,0.0,1.0
1263,0.0,11.5,1.0,1.0,14.5,1.0,0.0,1.0,0.0,1.0
1264,0.0,40.5,0.0,2.0,14.5,1.0,0.0,1.0,0.0,1.0
1265,0.0,10.0,0.0,2.0,24.15,0.0,0.0,1.0,0.0,1.0
1266,0.0,36.0,1.0,1.0,24.15,1.0,0.0,1.0,0.0,1.0
1267,0.0,30.0,1.0,1.0,24.15,0.0,0.0,1.0,0.0,1.0
1268,0.0,28.0,0.0,0.0,9.5,1.0,0.0,1.0,0.0,1.0
1269,0.0,33.0,0.0,0.0,9.5,1.0,0.0,1.0,0.0,1.0
1270,0.0,28.0,0.0,0.0,9.5,1.0,0.0,1.0,0.0,1.0
1271,0.0,28.0,0.0,0.0,9.5,1.0,0.0,1.0,0.0,1.0
1272,0.0,47.0,0.0,0.0,9.0,1.0,0.0,1.0,0.0,1.0
1273,0.0,18.0,2.0,0.0,18.0,0.0,0.0,1.0,0.0,1.0
1274,0.0,31.0,3.0,0.0,18.0,1.0,0.0,1.0,0.0,1.0
1275,0.0,16.0,2.0,0.0,18.0,1.0,0.0,1.0,0.0,1.0
1276,0.0,31.0,1.0,0.0,18.0,0.0,0.0,1.0,0.0,1.0
1277,1.0,22.0,0.0,0.0,7.225,1.0,0.0,0.0,0.0,1.0
1278,0.0,20.0,0.0,0.0,7.8542,1.0,0.0,1.0,0.0,1.0
1279,0.0,14.0,0.0,0.0,7.8542,0.0,0.0,1.0,0.0,1.0
1280,0.0,22.0,0.0,0.0,7.8958,1.0,0.0,1.0,0.0,1.0
1281,0.0,22.0,0.0,0.0,9.0,1.0,0.0,1.0,0.0,1.0
1282,0.0,28.0,0.0,0.0,8.05,1.0,0.0,1.0,0.0,1.0
1283,0.0,28.0,0.0,0.0,7.55,1.0,0.0,1.0,0.0,1.0
1284,0.0,28.0,0.0,0.0,8.05,1.0,0.0,1.0,0.0,1.0
1285,0.0,32.5,0.0,0.0,9.5,1.0,0.0,1.0,0.0,1.0
1286,1.0,38.0,0.0,0.0,7.2292,0.0,0.0,0.0,0.0,1.0
1287,0.0,51.0,0.0,0.0,7.75,1.0,0.0,1.0,0.0,1.0
1288,0.0,18.0,1.0,0.0,6.4958,1.0,0.0,1.0,0.0,1.0
1289,0.0,21.0,1.0,0.0,6.4958,1.0,0.0,1.0,0.0,1.0
1290,1.0,47.0,1.0,0.0,7.0,0.0,0.0,1.0,0.0,1.0
1291,0.0,28.0,0.0,0.0,8.7125,1.0,0.0,1.0,0.0,1.0
1292,0.0,28.0,0.0,0.0,7.55,1.0,0.0,1.0,0.0,1.0
1293,0.0,28.0,0.0,0.0,8.05,1.0,0.0,1.0,0.0,1.0
1294,0.0,28.5,0.0,0.0,16.1,1.0,0.0,1.0,0.0,1.0
1295,0.0,21.0,0.0,0.0,7.25,1.0,0.0,1.0,0.0,1.0
1296,0.0,27.0,0.0,0.0,8.6625,1.0,0.0,1.0,0.0,1.0
1297,0.0,28.0,0.0,0.0,7.25,1.0,0.0,1.0,0.0,1.0
1298,0.0,36.0,0.0,0.0,9.5,1.0,0.0,1.0,0.0,1.0
1299,0.0,27.0,1.0,0.0,14.4542,1.0,0.0,0.0,0.0,1.0
1300,1.0,15.0,1.0,0.0,14.4542,0.0,0.0,0.0,0.0,1.0
1301,0.0,45.5,0.0,0.0,7.225,1.0,0.0,0.0,0.0,1.0
1302,0.0,28.0,0.0,0.0,7.225,1.0,0.0,0.0,0.0,1.0
1303,0.0,28.0,0.0,0.0,14.4583,1.0,0.0,0.0,0.0,1.0
1304,0.0,14.5,1.0,0.0,14.4542,0.0,0.0,0.0,0.0,1.0
1305,0.0,28.0,1.0,0.0,14.4542,0.0,0.0,0.0,0.0,1.0
1306,0.0,26.5,0.0,0.0,7.225,1.0,0.0,0.0,0.0,1.0
1307,0.0,27.0,0.0,0.0,7.225,1.0,0.0,0.0,0.0,1.0
1308,0.0,29.0,0.0,0.0,7.875,1.0,0.0,1.0,0.0,1.0
